provider_id,recommender_id,profit,cycle,fee,clicks,shows,connected_recommenders,controlled,experiment_id,random_seed
5,popular_1_exp_0_seed_None,1409.55,1,275.15000000000003,1778,9735,1,general,0,
1,popular_1_exp_0_seed_None,458.73,1,91.97,615,3047,1,niche,0,
4,popular_1_exp_0_seed_None,1402.6499999999999,1,274.45,1779,9655,1,general,0,
2,popular_1_exp_0_seed_None,1390.5,1,271.1,1749,9620,1,general,0,
6,popular_1_exp_0_seed_None,1372.2,1,266.0,1703,9570,1,general,0,
8,popular_1_exp_0_seed_None,1397.94,1,272.26,1754,9686,1,general,0,
3,popular_1_exp_0_seed_None,1403.2800000000002,1,273.52,1764,9712,1,general,0,
7,popular_1_exp_0_seed_None,1428.3300000000002,1,282.57,1858,9677,1,general,0,
10,popular_1_exp_0_seed_None,1402.5,1,274.70000000000005,1783,9640,1,general,0,
9,popular_1_exp_0_seed_None,1397.2200000000003,1,272.58,1760,9658,1,general,0,
5,popular_1_exp_0_seed_None,501.03,2,91.47,537,3777,1,general,0,
1,popular_1_exp_0_seed_None,0.0,2,0.0,0,0,1,niche,0,
4,popular_1_exp_0_seed_None,2612.67,2,481.03000000000003,2861,19493,1,general,0,
2,popular_1_exp_0_seed_None,3164.28,2,576.52,3374,23912,1,general,0,
6,popular_1_exp_0_seed_None,2300.61,2,424.69000000000005,2536,17109,1,general,0,
8,popular_1_exp_0_seed_None,932.0400000000001,2,180.36,1152,6516,1,general,0,
3,popular_1_exp_0_seed_None,1314.8400000000001,2,234.36,1324,10196,1,general,0,
7,popular_1_exp_0_seed_None,874.8300000000002,2,166.27,1036,6267,1,general,0,
10,popular_1_exp_0_seed_None,1283.8200000000002,2,228.78000000000003,1292,9958,1,general,0,
9,popular_1_exp_0_seed_None,1825.4700000000003,2,332.63,1947,13793,1,general,0,
5,popular_1_exp_0_seed_None,1011.9300000000001,3,194.76999999999998,1235,7127,1,general,0,
1,popular_1_exp_0_seed_None,0.0,3,0.0,0,0,1,niche,0,
4,popular_1_exp_0_seed_None,1626.75,3,300.95000000000005,1803,12065,1,general,0,
2,popular_1_exp_0_seed_None,3262.59,3,609.3100000000001,3702,23911,1,general,0,
6,popular_1_exp_0_seed_None,3153.4500000000003,3,598.6500000000001,3724,22625,1,general,0,
8,popular_1_exp_0_seed_None,465.18,3,92.42,611,3132,1,general,0,
3,popular_1_exp_0_seed_None,630.9300000000001,3,104.77000000000001,520,5277,1,general,0,
7,popular_1_exp_0_seed_None,1667.4300000000003,3,330.87,2184,11247,1,general,0,
10,popular_1_exp_0_seed_None,658.1700000000001,3,112.53,591,5343,1,general,0,
9,popular_1_exp_0_seed_None,1511.82,3,277.98,1650,11298,1,general,0,
5,popular_1_exp_0_seed_None,1550.37,4,304.93,1990,10593,1,general,0,
1,popular_1_exp_0_seed_None,213.57000000000005,4,41.33,264,1493,1,niche,0,
4,popular_1_exp_0_seed_None,2104.11,4,394.39,2409,15349,1,general,0,
2,popular_1_exp_0_seed_None,2229.96,4,412.84000000000003,2476,16524,1,general,0,
6,popular_1_exp_0_seed_None,2293.56,4,434.44000000000005,2694,16504,1,general,0,
8,popular_1_exp_0_seed_None,455.09999999999997,4,87.7,557,3200,1,general,0,
3,popular_1_exp_0_seed_None,1108.1999999999998,4,206.60000000000002,1252,8140,1,general,0,
7,popular_1_exp_0_seed_None,1188.6,4,235.4,1550,8040,1,general,0,
10,popular_1_exp_0_seed_None,1594.1400000000003,4,300.06,1844,11566,1,general,0,
9,popular_1_exp_0_seed_None,912.06,4,166.94,984,6854,1,general,0,
5,popular_1_exp_0_seed_None,1266.8700000000001,5,245.03,1564,8863,1,general,0,
1,popular_1_exp_0_seed_None,496.53,5,93.97,582,3577,1,niche,0,
4,popular_1_exp_0_seed_None,717.5700000000002,5,119.53,597,5983,1,general,0,
2,popular_1_exp_0_seed_None,2322.33,5,420.97,2444,17657,1,general,0,
6,popular_1_exp_0_seed_None,2932.7999999999997,5,551.4,3383,21310,1,general,0,
8,popular_1_exp_0_seed_None,435.27,5,84.03,535,3053,1,general,0,
3,popular_1_exp_0_seed_None,1141.14,5,206.06,1189,8716,1,general,0,
7,popular_1_exp_0_seed_None,1625.4600000000003,5,313.74,1997,11404,1,general,0,
10,popular_1_exp_0_seed_None,2363.4900000000002,5,436.40999999999997,2607,17571,1,general,0,
9,popular_1_exp_0_seed_None,600.48,5,103.52000000000001,552,4832,1,general,0,
5,popular_1_exp_0_seed_None,1159.83,6,220.26999999999998,1371,8317,1,general,0,
1,popular_1_exp_0_seed_None,863.4599999999999,6,167.14000000000001,1068,6034,1,niche,0,
4,popular_1_exp_0_seed_None,1508.0100000000002,6,272.89,1580,11489,1,general,0,
2,popular_1_exp_0_seed_None,1702.0200000000002,6,292.78,1555,13728,1,general,0,
6,popular_1_exp_0_seed_None,1699.1700000000003,6,308.93,1802,12873,1,general,0,
8,popular_1_exp_0_seed_None,1112.04,6,216.95999999999998,1401,7686,1,general,0,
3,popular_1_exp_0_seed_None,1165.17,6,206.73000000000002,1159,9083,1,general,0,
7,popular_1_exp_0_seed_None,1485.8999999999999,6,272.7,1614,11130,1,general,0,
10,popular_1_exp_0_seed_None,1165.53,6,190.17000000000002,910,9917,1,general,0,
9,popular_1_exp_0_seed_None,1662.03,6,299.47,1722,12727,1,general,0,
5,popular_1_exp_0_seed_None,647.76,7,109.03999999999999,556,5344,1,general,0,
1,popular_1_exp_0_seed_None,666.33,7,128.37,815,4687,1,niche,0,
4,popular_1_exp_0_seed_None,1548.7500000000002,7,275.55,1552,12035,1,general,0,
2,popular_1_exp_0_seed_None,1816.5000000000002,7,310.3,1627,14760,1,general,0,
6,popular_1_exp_0_seed_None,2899.620000000001,7,526.78,3069,21988,1,general,0,
8,popular_1_exp_0_seed_None,748.86,7,142.34,887,5364,1,general,0,
3,popular_1_exp_0_seed_None,929.2499999999999,7,152.85000000000002,744,7845,1,general,0,
7,popular_1_exp_0_seed_None,1055.7600000000002,7,182.64,980,8464,1,general,0,
10,popular_1_exp_0_seed_None,1712.1000000000001,7,289.3,1486,14070,1,general,0,
9,popular_1_exp_0_seed_None,1547.67,7,265.83000000000004,1408,12503,1,general,0,
5,popular_1_exp_0_seed_None,1203.3,8,218.7,1275,9120,1,general,0,
1,popular_1_exp_0_seed_None,265.38,8,48.42,284,2002,1,niche,0,
4,popular_1_exp_0_seed_None,1561.29,8,276.61,1547,12191,1,general,0,
2,popular_1_exp_0_seed_None,2500.2,8,433.20000000000005,2331,20010,1,general,0,
6,popular_1_exp_0_seed_None,1287.06,8,215.94,1094,10654,1,general,0,
8,popular_1_exp_0_seed_None,1299.2100000000003,8,252.49,1622,9029,1,general,0,
3,popular_1_exp_0_seed_None,1490.7,8,264.7,1486,11610,1,general,0,
7,popular_1_exp_0_seed_None,1651.8600000000001,8,299.14,1734,12574,1,general,0,
10,popular_1_exp_0_seed_None,1027.1399999999999,8,162.46,725,8996,1,general,0,
9,popular_1_exp_0_seed_None,1084.5,8,178.70000000000002,873,9140,1,general,0,
5,popular_1_exp_0_seed_None,1198.9800000000002,9,216.82,1254,9142,1,general,0,
1,popular_1_exp_0_seed_None,635.0699999999999,9,115.23,670,4823,1,niche,0,
4,popular_1_exp_0_seed_None,1510.14,9,264.66,1453,11936,1,general,0,
2,popular_1_exp_0_seed_None,1099.35,9,172.15,750,9715,1,general,0,
6,popular_1_exp_0_seed_None,1810.2900000000004,9,314.40999999999997,1699,14451,1,general,0,
8,popular_1_exp_0_seed_None,1200.27,9,222.63,1339,8873,1,general,0,
3,popular_1_exp_0_seed_None,1243.35,9,212.15,1110,10115,1,general,0,
7,popular_1_exp_0_seed_None,1685.0400000000002,9,294.76,1613,13346,1,general,0,
10,popular_1_exp_0_seed_None,1137.78,9,181.22,822,9902,1,general,0,
9,popular_1_exp_0_seed_None,2247.3900000000003,9,397.71000000000004,2220,17571,1,general,0,
5,popular_1_exp_0_seed_None,1898.4,10,356.0,2176,13840,1,general,0,
1,popular_1_exp_0_seed_None,616.71,10,108.79,604,4839,1,niche,0,
4,popular_1_exp_0_seed_None,1121.73,10,187.77,947,9307,1,general,0,
2,popular_1_exp_0_seed_None,1039.95,10,155.55,600,9555,1,general,0,
6,popular_1_exp_0_seed_None,1649.0700000000004,10,276.03000000000003,1392,13683,1,general,0,
8,popular_1_exp_0_seed_None,781.74,10,144.26000000000002,861,5816,1,general,0,
3,popular_1_exp_0_seed_None,1973.2799999999997,10,351.92,1990,15292,1,general,0,
7,popular_1_exp_0_seed_None,1095.21,10,186.29000000000002,969,8939,1,general,0,
10,popular_1_exp_0_seed_None,1532.91,10,255.39000000000001,1276,12779,1,general,0,
9,popular_1_exp_0_seed_None,1657.5900000000001,10,289.11,1574,13171,1,general,0,
5,popular_1_exp_0_seed_None,1394.52,11,256.48,1523,10418,1,general,0,
1,popular_1_exp_0_seed_None,730.0500000000001,11,132.65,773,5535,1,niche,0,
4,popular_1_exp_0_seed_None,1691.58,11,302.82000000000005,1723,13052,1,general,0,
2,popular_1_exp_0_seed_None,1066.8600000000001,11,158.54000000000002,600,9854,1,general,0,
6,popular_1_exp_0_seed_None,1411.14,11,234.46,1165,11796,1,general,0,
8,popular_1_exp_0_seed_None,480.36,11,88.24000000000001,523,3594,1,general,0,
3,popular_1_exp_0_seed_None,1430.52,11,246.08,1307,11538,1,general,0,
7,popular_1_exp_0_seed_None,1421.88,11,249.92000000000002,1379,11202,1,general,0,
10,popular_1_exp_0_seed_None,1413.21,11,229.69,1090,12069,1,general,0,
9,popular_1_exp_0_seed_None,1834.4999999999998,11,328.70000000000005,1873,14140,1,general,0,
5,popular_1_exp_0_seed_None,1350.93,12,244.97000000000003,1423,10267,1,general,0,
1,popular_1_exp_0_seed_None,862.6800000000001,12,146.72,763,7042,1,niche,0,
4,popular_1_exp_0_seed_None,710.01,12,109.69,462,6349,1,general,0,
2,popular_1_exp_0_seed_None,1914.0,12,307.6,1424,16520,1,general,0,
6,popular_1_exp_0_seed_None,1120.53,12,174.17000000000002,745,9967,1,general,0,
8,popular_1_exp_0_seed_None,1530.03,12,291.47,1822,10927,1,general,0,
3,popular_1_exp_0_seed_None,1049.1899999999998,12,160.91,665,9441,1,general,0,
7,popular_1_exp_0_seed_None,1995.6599999999999,12,328.34000000000003,1599,16844,1,general,0,
10,popular_1_exp_0_seed_None,941.3700000000001,12,130.73000000000002,392,9153,1,general,0,
9,popular_1_exp_0_seed_None,1174.89,12,194.41000000000003,958,9861,1,general,0,
5,popular_1_exp_0_seed_None,668.0999999999999,13,110.7,547,5600,1,general,0,
1,popular_1_exp_0_seed_None,793.44,13,128.56,606,6796,1,niche,0,
4,popular_1_exp_0_seed_None,765.9300000000001,13,120.97,538,6717,1,general,0,
2,popular_1_exp_0_seed_None,2205.6,13,355.6,1658,18980,1,general,0,
6,popular_1_exp_0_seed_None,931.1400000000001,13,139.26,537,8556,1,general,0,
8,popular_1_exp_0_seed_None,739.26,13,141.34,888,5254,1,general,0,
3,popular_1_exp_0_seed_None,1029.93,13,151.57,557,9587,1,general,0,
7,popular_1_exp_0_seed_None,2491.0800000000004,13,413.92,2057,20822,1,general,0,
10,popular_1_exp_0_seed_None,954.0,13,127.2,318,9540,1,general,0,
9,popular_1_exp_0_seed_None,1095.75,13,183.55,927,9085,1,general,0,
5,popular_1_exp_0_seed_None,1234.35,14,218.75,1224,9635,1,general,0,
1,popular_1_exp_0_seed_None,334.41,14,37.69,8,3689,1,niche,0,
4,popular_1_exp_0_seed_None,821.6100000000001,14,129.69,576,7209,1,general,0,
2,popular_1_exp_0_seed_None,1743.21,14,261.09000000000003,1011,15999,1,general,0,
6,popular_1_exp_0_seed_None,1141.2600000000002,14,178.54000000000002,776,10094,1,general,0,
8,popular_1_exp_0_seed_None,1444.5300000000002,14,273.37,1693,10407,1,general,0,
3,popular_1_exp_0_seed_None,1045.23,14,153.27,557,9757,1,general,0,
7,popular_1_exp_0_seed_None,1474.5300000000002,14,213.37,743,13907,1,general,0,
10,popular_1_exp_0_seed_None,1700.7900000000002,14,271.31,1235,14781,1,general,0,
9,popular_1_exp_0_seed_None,1032.51,14,167.19,787,8849,1,general,0,
5,popular_1_exp_0_seed_None,744.2700000000001,15,124.63000000000001,629,6173,1,general,0,
1,popular_1_exp_0_seed_None,446.07,15,59.43000000000001,148,4463,1,niche,0,
4,popular_1_exp_0_seed_None,914.0699999999999,15,146.43,673,7913,1,general,0,
2,popular_1_exp_0_seed_None,1342.6800000000003,15,182.12,494,13272,1,general,0,
6,popular_1_exp_0_seed_None,1872.69,15,327.21000000000004,1787,14851,1,general,0,
8,popular_1_exp_0_seed_None,916.0800000000002,15,173.72000000000003,1079,6582,1,general,0,
3,popular_1_exp_0_seed_None,1872.1799999999998,15,314.02,1590,15502,1,general,0,
7,popular_1_exp_0_seed_None,1499.01,15,216.49,749,14159,1,general,0,
10,popular_1_exp_0_seed_None,927.54,15,122.46000000000001,291,9336,1,general,0,
9,popular_1_exp_0_seed_None,1264.6200000000001,15,217.18,1150,10218,1,general,0,
5,popular_1_exp_0_seed_None,557.34,16,90.25999999999999,425,4776,1,general,0,
1,popular_1_exp_0_seed_None,331.05,16,37.05,4,3665,1,niche,0,
4,popular_1_exp_0_seed_None,869.8800000000001,16,139.32,640,7532,1,general,0,
2,popular_1_exp_0_seed_None,1674.3,16,243.3,859,15740,1,general,0,
6,popular_1_exp_0_seed_None,1123.8,16,172.8,719,10090,1,general,0,
8,popular_1_exp_0_seed_None,1864.4700000000003,16,358.23,2266,13163,1,general,0,
3,popular_1_exp_0_seed_None,1385.22,16,217.98000000000002,961,12188,1,general,0,
7,popular_1_exp_0_seed_None,1483.7700000000002,16,207.73000000000002,643,14343,1,general,0,
10,popular_1_exp_0_seed_None,1348.98,16,198.02,722,12582,1,general,0,
9,popular_1_exp_0_seed_None,1175.55,16,197.55,1004,9715,1,general,0,
5,popular_1_exp_0_seed_None,580.3499999999999,17,91.95,412,5075,1,general,0,
1,popular_1_exp_0_seed_None,560.82,17,81.98,295,5248,1,niche,0,
4,popular_1_exp_0_seed_None,814.1700000000001,17,125.53,526,7293,1,general,0,
2,popular_1_exp_0_seed_None,1498.2900000000002,17,204.41,569,14751,1,general,0,
6,popular_1_exp_0_seed_None,1285.26,17,196.74,809,11584,1,general,0,
8,popular_1_exp_0_seed_None,614.13,17,104.97,551,4987,1,general,0,
3,popular_1_exp_0_seed_None,1032.7800000000002,17,139.82,376,10222,1,general,0,
7,popular_1_exp_0_seed_None,1180.9199999999998,17,148.68,262,12248,1,general,0,
10,popular_1_exp_0_seed_None,2569.26,17,415.74,1954,22034,1,general,0,
9,popular_1_exp_0_seed_None,1450.5,17,241.5,1205,12100,1,general,0,
5,popular_1_exp_0_seed_None,1058.2200000000003,18,184.38,1002,8418,1,general,0,
1,popular_1_exp_0_seed_None,449.82000000000005,18,60.38,156,4478,1,niche,0,
4,popular_1_exp_0_seed_None,781.32,18,119.88,496,7028,1,general,0,
2,popular_1_exp_0_seed_None,1524.7200000000003,18,211.28,628,14848,1,general,0,
6,popular_1_exp_0_seed_None,1150.1100000000001,18,173.19,681,10509,1,general,0,
8,popular_1_exp_0_seed_None,929.7300000000001,18,165.37,931,7227,1,general,0,
3,popular_1_exp_0_seed_None,1357.6499999999999,18,206.45,834,12305,1,general,0,
7,popular_1_exp_0_seed_None,1424.76,18,198.64000000000001,605,13814,1,general,0,
10,popular_1_exp_0_seed_None,1694.55,18,253.15,973,15585,1,general,0,
9,popular_1_exp_0_seed_None,839.58,18,122.22000000000001,434,7882,1,general,0,
5,popular_1_exp_0_seed_None,1105.0800000000002,19,186.72000000000003,959,9082,1,general,0,
1,popular_1_exp_0_seed_None,327.54,19,36.46,1,3636,1,niche,0,
4,popular_1_exp_0_seed_None,940.6200000000001,19,144.78,604,8438,1,general,0,
2,popular_1_exp_0_seed_None,1500.9300000000003,19,200.37,504,14997,1,general,0,
6,popular_1_exp_0_seed_None,1120.65,19,160.85000000000002,545,10635,1,general,0,
8,popular_1_exp_0_seed_None,929.16,19,159.84,849,7494,1,general,0,
3,popular_1_exp_0_seed_None,1266.9900000000002,19,183.31,638,11951,1,general,0,
7,popular_1_exp_0_seed_None,1468.6499999999999,19,198.65000000000003,532,14545,1,general,0,
10,popular_1_exp_0_seed_None,2234.3999999999996,19,347.8,1493,19850,1,general,0,
9,popular_1_exp_0_seed_None,710.7600000000001,19,96.64,265,7014,1,general,0,
5,popular_1_exp_0_seed_None,791.3400000000001,20,126.06,572,6886,1,general,0,
1,popular_1_exp_0_seed_None,578.0700000000002,20,83.03,282,5483,1,niche,0,
4,popular_1_exp_0_seed_None,1186.8600000000001,20,191.74,898,10194,1,general,0,
2,popular_1_exp_0_seed_None,1712.0700000000002,20,241.03000000000003,762,16483,1,general,0,
6,popular_1_exp_0_seed_None,989.7900000000001,20,134.91,374,9751,1,general,0,
8,popular_1_exp_0_seed_None,860.61,20,146.09,757,7039,1,general,0,
3,popular_1_exp_0_seed_None,941.6400000000001,20,119.76,227,9706,1,general,0,
7,popular_1_exp_0_seed_None,1532.46,20,211.74,622,14954,1,general,0,
10,popular_1_exp_0_seed_None,1786.08,20,266.92,1027,16422,1,general,0,
9,popular_1_exp_0_seed_None,1204.8300000000002,20,189.47000000000003,834,10607,1,general,0,
5,popular_1_exp_0_seed_None,948.48,21,156.52,767,7982,1,general,0,
1,popular_1_exp_0_seed_None,673.23,21,100.87,391,6177,1,niche,0,
4,popular_1_exp_0_seed_None,1366.0500000000002,21,227.85000000000002,1141,11375,1,general,0,
2,popular_1_exp_0_seed_None,1352.2200000000003,21,170.98,311,13988,1,general,0,
6,popular_1_exp_0_seed_None,1057.5,21,151.10000000000002,504,10070,1,general,0,
8,popular_1_exp_0_seed_None,705.33,21,117.37,585,5887,1,general,0,
3,popular_1_exp_0_seed_None,845.9700000000001,21,102.53,128,8973,1,general,0,
7,popular_1_exp_0_seed_None,1976.25,21,301.85,1234,17845,1,general,0,
10,popular_1_exp_0_seed_None,1455.1200000000001,21,202.28,609,14138,1,general,0,
9,popular_1_exp_0_seed_None,901.05,21,133.05,494,8365,1,general,0,
5,popular_1_exp_0_seed_None,812.22,22,132.57999999999998,635,6908,1,general,0,
1,popular_1_exp_0_seed_None,360.99,22,41.309999999999995,18,3951,1,niche,0,
4,popular_1_exp_0_seed_None,1037.5200000000002,22,165.28,750,9028,1,general,0,
2,popular_1_exp_0_seed_None,1323.0,22,165.8,282,13760,1,general,0,
6,popular_1_exp_0_seed_None,1381.44,22,218.16,970,12116,1,general,0,
8,popular_1_exp_0_seed_None,818.8800000000001,22,138.92000000000002,719,6702,1,general,0,
3,popular_1_exp_0_seed_None,1524.7800000000002,22,233.82,966,13722,1,general,0,
7,popular_1_exp_0_seed_None,1801.8,22,268.8,1029,16590,1,general,0,
10,popular_1_exp_0_seed_None,1475.19,22,204.91,615,14341,1,general,0,
9,popular_1_exp_0_seed_None,602.3100000000001,22,73.99000000000001,106,6339,1,general,0,
5,popular_1_exp_0_seed_None,488.67,23,65.43,167,4873,1,general,0,
1,popular_1_exp_0_seed_None,348.3,23,38.7,0,3870,1,niche,0,
4,popular_1_exp_0_seed_None,770.46,23,107.94,335,7444,1,general,0,
2,popular_1_exp_0_seed_None,1512.7200000000003,23,199.48,471,15238,1,general,0,
6,popular_1_exp_0_seed_None,1026.7200000000003,23,139.88,387,10118,1,general,0,
8,popular_1_exp_0_seed_None,1009.0800000000002,23,175.72000000000003,954,8032,1,general,0,
3,popular_1_exp_0_seed_None,1630.6200000000001,23,247.98000000000002,1002,14778,1,general,0,
7,popular_1_exp_0_seed_None,1492.05,23,201.05,529,14815,1,general,0,
10,popular_1_exp_0_seed_None,1706.85,23,244.85000000000002,828,16205,1,general,0,
9,popular_1_exp_0_seed_None,1450.5600000000002,23,235.84,1120,12384,1,general,0,
5,popular_1_exp_0_seed_None,620.46,24,87.74000000000001,282,5954,1,general,0,
1,popular_1_exp_0_seed_None,370.5300000000001,24,42.769999999999996,24,4037,1,niche,0,
4,popular_1_exp_0_seed_None,936.6600000000001,24,142.74,580,8474,1,general,0,
2,popular_1_exp_0_seed_None,1877.58,24,257.02000000000004,726,18442,1,general,0,
6,popular_1_exp_0_seed_None,1245.96,24,182.64,663,11634,1,general,0,
8,popular_1_exp_0_seed_None,647.04,24,102.96000000000001,466,5636,1,general,0,
3,popular_1_exp_0_seed_None,1241.79,24,171.11,497,12141,1,general,0,
7,popular_1_exp_0_seed_None,1493.85,24,196.25,454,15085,1,general,0,
10,popular_1_exp_0_seed_None,1360.71,24,173.39000000000001,333,14009,1,general,0,
9,popular_1_exp_0_seed_None,942.51,24,135.19,457,8949,1,general,0,
5,popular_1_exp_0_seed_None,575.6700000000001,25,78.43,217,5673,1,general,0,
1,popular_1_exp_0_seed_None,534.1800000000001,25,72.02000000000001,190,5302,1,niche,0,
4,popular_1_exp_0_seed_None,678.45,25,90.05,220,6805,1,general,0,
2,popular_1_exp_0_seed_None,1588.53,25,192.17000000000002,235,16867,1,general,0,
6,popular_1_exp_0_seed_None,1082.07,25,144.03,357,10833,1,general,0,
8,popular_1_exp_0_seed_None,610.8000000000001,25,85.4,263,5910,1,general,0,
3,popular_1_exp_0_seed_None,1462.44,25,208.16,685,13966,1,general,0,
7,popular_1_exp_0_seed_None,1649.4900000000002,25,217.61,515,16611,1,general,0,
10,popular_1_exp_0_seed_None,1688.9400000000003,25,235.06,711,16396,1,general,0,
9,popular_1_exp_0_seed_None,669.8100000000001,25,80.09,85,7159,1,general,0,
5,popular_1_exp_0_seed_None,754.8900000000001,26,114.01,452,6881,1,general,0,
1,popular_1_exp_0_seed_None,608.25,26,86.85000000000001,289,5795,1,niche,0,
4,popular_1_exp_0_seed_None,787.7700000000001,26,111.73000000000002,363,7543,1,general,0,
2,popular_1_exp_0_seed_None,1592.9100000000003,26,193.39,246,16879,1,general,0,
6,popular_1_exp_0_seed_None,1220.5800000000002,26,169.22000000000003,504,11882,1,general,0,
8,popular_1_exp_0_seed_None,592.26,26,81.94,242,5774,1,general,0,
3,popular_1_exp_0_seed_None,1143.9,26,149.10000000000002,330,11610,1,general,0,
7,popular_1_exp_0_seed_None,1302.7200000000003,26,150.48,86,14188,1,general,0,
10,popular_1_exp_0_seed_None,1311.0,26,158.20000000000002,188,13940,1,general,0,
9,popular_1_exp_0_seed_None,1213.47,26,184.82999999999998,750,10983,1,general,0,
5,popular_1_exp_0_seed_None,786.15,27,117.95,459,7205,1,general,0,
1,popular_1_exp_0_seed_None,514.89,27,68.61,171,5151,1,niche,0,
4,popular_1_exp_0_seed_None,728.6700000000001,27,97.43,247,7273,1,general,0,
2,popular_1_exp_0_seed_None,1622.3400000000001,27,193.66,201,17356,1,general,0,
6,popular_1_exp_0_seed_None,1159.3500000000001,27,153.35,368,11655,1,general,0,
8,popular_1_exp_0_seed_None,806.6100000000001,27,119.49000000000001,448,7469,1,general,0,
3,popular_1_exp_0_seed_None,1145.64,27,145.96,280,11796,1,general,0,
7,popular_1_exp_0_seed_None,1406.6700000000003,27,170.03,206,14943,1,general,0,
10,popular_1_exp_0_seed_None,1387.23,27,173.47,290,14447,1,general,0,
9,popular_1_exp_0_seed_None,1038.3,27,148.3,494,9890,1,general,0,
5,popular_1_exp_0_seed_None,769.5,28,112.70000000000002,408,7190,1,general,0,
1,popular_1_exp_0_seed_None,521.25,28,68.85000000000001,164,5245,1,niche,0,
4,popular_1_exp_0_seed_None,828.4200000000001,28,113.97999999999999,329,8108,1,general,0,
2,popular_1_exp_0_seed_None,1579.5300000000002,28,184.37,133,17107,1,general,0,
6,popular_1_exp_0_seed_None,981.6900000000002,28,118.41,140,10441,1,general,0,
8,popular_1_exp_0_seed_None,757.26,28,108.94,372,7174,1,general,0,
3,popular_1_exp_0_seed_None,1201.14,28,154.66,318,12286,1,general,0,
7,popular_1_exp_0_seed_None,1557.6,28,196.2,347,16150,1,general,0,
10,popular_1_exp_0_seed_None,1365.54,28,166.66,224,14426,1,general,0,
9,popular_1_exp_0_seed_None,890.0400000000001,28,118.36,292,8916,1,general,0,
5,popular_1_exp_0_seed_None,689.7,29,98.3,325,6580,1,general,0,
1,popular_1_exp_0_seed_None,518.2800000000001,29,69.12,173,5182,1,niche,0,
4,popular_1_exp_0_seed_None,820.71,29,109.59,276,8199,1,general,0,
2,popular_1_exp_0_seed_None,1562.4,29,182.6,135,16910,1,general,0,
6,popular_1_exp_0_seed_None,978.1499999999999,29,117.95,139,10405,1,general,0,
8,popular_1_exp_0_seed_None,790.8600000000001,29,114.74000000000001,403,7444,1,general,0,
3,popular_1_exp_0_seed_None,940.8900000000001,29,105.01,7,10431,1,general,0,
7,popular_1_exp_0_seed_None,1664.3700000000003,29,217.32999999999998,486,16873,1,general,0,
10,popular_1_exp_0_seed_None,1455.93,29,182.97000000000003,318,15117,1,general,0,
9,popular_1_exp_0_seed_None,885.3600000000001,29,117.04,280,8904,1,general,0,
5,popular_1_exp_0_seed_None,628.0200000000001,30,81.98,183,6368,1,general,0,
1,popular_1_exp_0_seed_None,472.62000000000006,30,59.580000000000005,106,4898,1,niche,0,
4,popular_1_exp_0_seed_None,1021.35,30,142.15,430,9915,1,general,0,
2,popular_1_exp_0_seed_None,1554.7200000000003,30,181.08,125,16858,1,general,0,
6,popular_1_exp_0_seed_None,972.6000000000001,30,116.80000000000001,131,10370,1,general,0,
8,popular_1_exp_0_seed_None,462.63000000000005,30,51.67,4,5127,1,general,0,
3,popular_1_exp_0_seed_None,1012.35,30,119.35,103,10905,1,general,0,
7,popular_1_exp_0_seed_None,1503.78,30,181.42000000000002,215,15992,1,general,0,
10,popular_1_exp_0_seed_None,1407.9900000000002,30,172.31,238,14851,1,general,0,
9,popular_1_exp_0_seed_None,991.56,30,134.44,364,9804,1,general,0,
5,popular_1_exp_0_seed_None,742.8600000000001,31,103.94,321,7184,1,general,0,
1,popular_1_exp_0_seed_None,426.96000000000004,31,50.64,48,4584,1,niche,0,
4,popular_1_exp_0_seed_None,767.6400000000001,31,92.56,109,8166,1,general,0,
2,popular_1_exp_0_seed_None,1513.29,31,170.41,34,16701,1,general,0,
6,popular_1_exp_0_seed_None,1052.25,31,131.65,221,10955,1,general,0,
8,popular_1_exp_0_seed_None,584.01,31,75.49000000000001,159,5959,1,general,0,
3,popular_1_exp_0_seed_None,1012.68,31,117.12,69,11022,1,general,0,
7,popular_1_exp_0_seed_None,1488.24,31,175.96,159,16006,1,general,0,
10,popular_1_exp_0_seed_None,1429.2900000000002,31,174.81,240,15081,1,general,0,
9,popular_1_exp_0_seed_None,928.0200000000002,31,116.78,205,9628,1,general,0,
5,popular_1_exp_0_seed_None,545.3700000000001,32,65.93,80,5793,1,general,0,
1,popular_1_exp_0_seed_None,442.2,32,52.800000000000004,55,4730,1,niche,0,
4,popular_1_exp_0_seed_None,876.1500000000001,32,112.55,228,8975,1,general,0,
2,popular_1_exp_0_seed_None,1654.83,32,196.87,195,17737,1,general,0,
6,popular_1_exp_0_seed_None,1005.15,32,123.35000000000001,175,10585,1,general,0,
8,popular_1_exp_0_seed_None,531.51,32,65.39,95,5589,1,general,0,
3,popular_1_exp_0_seed_None,1058.3100000000002,32,126.59,135,11309,1,general,0,
7,popular_1_exp_0_seed_None,1551.0,32,187.60000000000002,229,16470,1,general,0,
10,popular_1_exp_0_seed_None,1367.97,32,162.93,164,14653,1,general,0,
9,popular_1_exp_0_seed_None,957.5999999999999,32,120.00000000000001,204,9960,1,general,0,
5,popular_1_exp_0_seed_None,604.23,33,77.87,161,6177,1,general,0,
1,popular_1_exp_0_seed_None,495.84000000000003,33,63.96000000000001,133,5066,1,niche,0,
4,popular_1_exp_0_seed_None,753.1800000000001,33,89.22,83,8092,1,general,0,
2,popular_1_exp_0_seed_None,1630.9200000000003,33,193.28,181,17518,1,general,0,
6,popular_1_exp_0_seed_None,1063.02,33,133.38,229,11048,1,general,0,
8,popular_1_exp_0_seed_None,540.3900000000001,33,66.31,94,5691,1,general,0,
3,popular_1_exp_0_seed_None,1035.7199999999998,33,121.88000000000001,102,11168,1,general,0,
7,popular_1_exp_0_seed_None,1445.4900000000002,33,168.01,111,15691,1,general,0,
10,popular_1_exp_0_seed_None,1345.8600000000001,33,158.74,138,14494,1,general,0,
9,popular_1_exp_0_seed_None,1027.2900000000002,33,134.01000000000002,298,10421,1,general,0,
5,popular_1_exp_0_seed_None,615.4800000000001,34,79.92,173,6262,1,general,0,
1,popular_1_exp_0_seed_None,402.84000000000003,34,45.76,15,4426,1,niche,0,
4,popular_1_exp_0_seed_None,689.6100000000001,34,77.29,10,7629,1,general,0,
2,popular_1_exp_0_seed_None,1714.2900000000002,34,210.01000000000002,293,18071,1,general,0,
6,popular_1_exp_0_seed_None,1058.25,34,132.85,229,10995,1,general,0,
8,popular_1_exp_0_seed_None,569.34,34,72.46000000000001,138,5866,1,general,0,
3,popular_1_exp_0_seed_None,1137.33,34,140.97,219,11907,1,general,0,
7,popular_1_exp_0_seed_None,1439.67,34,166.42999999999998,97,15673,1,general,0,
10,popular_1_exp_0_seed_None,1369.5900000000001,34,162.91,161,14681,1,general,0,
9,popular_1_exp_0_seed_None,896.3100000000002,34,108.78999999999999,138,9499,1,general,0,
5,popular_1_exp_0_seed_None,598.5600000000001,35,76.24000000000001,146,6164,1,general,0,
1,popular_1_exp_0_seed_None,391.5,35,43.5,0,4350,1,niche,0,
4,popular_1_exp_0_seed_None,803.6100000000001,35,99.49,153,8419,1,general,0,
2,popular_1_exp_0_seed_None,1566.15,35,178.75,71,17165,1,general,0,
6,popular_1_exp_0_seed_None,971.3100000000001,35,115.39,112,10419,1,general,0,
8,popular_1_exp_0_seed_None,616.2,35,80.80000000000001,185,6230,1,general,0,
3,popular_1_exp_0_seed_None,1063.62,35,127.18,135,11368,1,general,0,
7,popular_1_exp_0_seed_None,1553.01,35,188.49,239,16459,1,general,0,
10,popular_1_exp_0_seed_None,1341.48,35,156.92000000000002,118,14512,1,general,0,
9,popular_1_exp_0_seed_None,963.8100000000002,35,119.49000000000001,186,10089,1,general,0,
5,popular_1_exp_0_seed_None,760.3800000000001,36,106.02000000000001,323,7372,1,general,0,
1,popular_1_exp_0_seed_None,418.23,36,48.870000000000005,36,4527,1,niche,0,
4,popular_1_exp_0_seed_None,782.19,36,94.31,111,8321,1,general,0,
2,popular_1_exp_0_seed_None,1545.24,36,175.16,52,16996,1,general,0,
6,popular_1_exp_0_seed_None,1009.44,36,120.76,129,10786,1,general,0,
8,popular_1_exp_0_seed_None,516.1200000000001,36,61.68,65,5518,1,general,0,
3,popular_1_exp_0_seed_None,1043.3400000000001,36,122.06,92,11286,1,general,0,
7,popular_1_exp_0_seed_None,1397.1,36,156.9,25,15440,1,general,0,
10,popular_1_exp_0_seed_None,1415.88,36,170.72,201,15062,1,general,0,
9,popular_1_exp_0_seed_None,953.7600000000001,36,116.84,163,10054,1,general,0,
5,popular_1_exp_0_seed_None,643.44,37,81.56,151,6646,1,general,0,
1,popular_1_exp_0_seed_None,425.22,37,49.58,35,4608,1,niche,0,
4,popular_1_exp_0_seed_None,772.47,37,92.43,99,8253,1,general,0,
2,popular_1_exp_0_seed_None,1568.55,37,178.75,67,17205,1,general,0,
6,popular_1_exp_0_seed_None,965.9699999999998,37,110.93,54,10553,1,general,0,
8,popular_1_exp_0_seed_None,640.7700000000001,37,85.53,215,6403,1,general,0,
3,popular_1_exp_0_seed_None,1016.73,37,115.77000000000001,42,11157,1,general,0,
7,popular_1_exp_0_seed_None,1447.98,37,166.62,86,15802,1,general,0,
10,popular_1_exp_0_seed_None,1410.4200000000003,37,169.78,196,15018,1,general,0,
9,popular_1_exp_0_seed_None,861.03,37,98.47,42,9427,1,general,0,
5,popular_1_exp_0_seed_None,582.0300000000001,38,67.67,45,6317,1,general,0,
1,popular_1_exp_0_seed_None,421.86000000000007,38,48.14,19,4624,1,niche,0,
4,popular_1_exp_0_seed_None,804.72,38,96.68,109,8578,1,general,0,
2,popular_1_exp_0_seed_None,1587.0900000000001,38,180.41,61,17431,1,general,0,
6,popular_1_exp_0_seed_None,990.1500000000001,38,115.75,86,10715,1,general,0,
8,popular_1_exp_0_seed_None,555.5400000000001,38,67.26,83,5896,1,general,0,
3,popular_1_exp_0_seed_None,1055.58,38,122.62,80,11462,1,general,0,
7,popular_1_exp_0_seed_None,1504.26,38,174.14000000000001,105,16364,1,general,0,
10,popular_1_exp_0_seed_None,1281.6299999999999,38,144.67000000000002,34,14127,1,general,0,
9,popular_1_exp_0_seed_None,856.05,38,97.25,32,9405,1,general,0,
5,popular_1_exp_0_seed_None,578.0999999999999,39,66.7,37,6300,1,general,0,
1,popular_1_exp_0_seed_None,428.34,39,49.660000000000004,31,4656,1,niche,0,
4,popular_1_exp_0_seed_None,772.23,39,89.27000000000001,52,8407,1,general,0,
2,popular_1_exp_0_seed_None,1584.3600000000001,39,179.04,45,17454,1,general,0,
6,popular_1_exp_0_seed_None,971.49,39,111.21000000000001,49,10631,1,general,0,
8,popular_1_exp_0_seed_None,548.8499999999999,39,65.45,67,5875,1,general,0,
3,popular_1_exp_0_seed_None,1074.81,39,125.69000000000001,94,11629,1,general,0,
7,popular_1_exp_0_seed_None,1496.5200000000002,39,171.68,81,16358,1,general,0,
10,popular_1_exp_0_seed_None,1306.83,39,149.87,70,14287,1,general,0,
9,popular_1_exp_0_seed_None,864.69,39,99.01,44,9461,1,general,0,
5,popular_1_exp_0_seed_None,594.0,40,69.8,57,6410,1,general,0,
1,popular_1_exp_0_seed_None,444.24,40,52.56,48,4776,1,niche,0,
4,popular_1_exp_0_seed_None,744.5100000000001,40,84.59,28,8179,1,general,0,
2,popular_1_exp_0_seed_None,1638.3,40,189.3,109,17840,1,general,0,
6,popular_1_exp_0_seed_None,939.3000000000001,40,105.9,23,10360,1,general,0,
8,popular_1_exp_0_seed_None,516.0,40,58.6,19,5670,1,general,0,
3,popular_1_exp_0_seed_None,1058.22,40,122.78,78,11498,1,general,0,
7,popular_1_exp_0_seed_None,1474.23,40,167.87,61,16177,1,general,0,
10,popular_1_exp_0_seed_None,1313.85,40,151.45,82,14325,1,general,0,
9,popular_1_exp_0_seed_None,872.1300000000001,40,101.17,64,9477,1,general,0,
5,popular_1_exp_0_seed_None,585.84,41,67.96000000000001,43,6366,1,general,0,
1,popular_1_exp_0_seed_None,413.37,41,46.53,9,4563,1,niche,0,
4,popular_1_exp_0_seed_None,746.49,41,84.81,28,8201,1,general,0,
2,popular_1_exp_0_seed_None,1594.8600000000001,41,180.74,53,17544,1,general,0,
6,popular_1_exp_0_seed_None,965.4000000000001,41,111.0,56,10540,1,general,0,
8,popular_1_exp_0_seed_None,576.6,41,70.0,89,6110,1,general,0,
3,popular_1_exp_0_seed_None,1041.3,41,118.7,45,11420,1,general,0,
7,popular_1_exp_0_seed_None,1499.5200000000002,41,172.68,91,16358,1,general,0,
10,popular_1_exp_0_seed_None,1286.1600000000003,41,145.64,41,14154,1,general,0,
9,popular_1_exp_0_seed_None,876.03,41,101.07,56,9547,1,general,0,
5,popular_1_exp_0_seed_None,603.2700000000001,42,72.23,78,6443,1,general,0,
1,popular_1_exp_0_seed_None,414.42,42,47.18000000000001,17,4548,1,niche,0,
4,popular_1_exp_0_seed_None,761.3100000000001,42,88.19000000000001,54,8279,1,general,0,
2,popular_1_exp_0_seed_None,1597.08,42,181.12,55,17562,1,general,0,
6,popular_1_exp_0_seed_None,944.67,42,106.83,28,10403,1,general,0,
8,popular_1_exp_0_seed_None,535.68,42,62.32000000000001,42,5812,1,general,0,
3,popular_1_exp_0_seed_None,1053.8100000000002,42,121.09,60,11509,1,general,0,
7,popular_1_exp_0_seed_None,1490.64,42,169.96,65,16346,1,general,0,
10,popular_1_exp_0_seed_None,1301.16,42,148.84,64,14244,1,general,0,
9,popular_1_exp_0_seed_None,866.8499999999999,42,99.45,47,9475,1,general,0,
5,popular_1_exp_0_seed_None,616.89,43,74.21000000000001,85,6571,1,general,0,
1,popular_1_exp_0_seed_None,405.0,43,45.0,0,4500,1,niche,0,
4,popular_1_exp_0_seed_None,744.48,43,84.32000000000001,24,8192,1,general,0,
2,popular_1_exp_0_seed_None,1589.4,43,179.0,36,17540,1,general,0,
6,popular_1_exp_0_seed_None,926.0100000000001,43,103.09,3,10279,1,general,0,
8,popular_1_exp_0_seed_None,545.5200000000001,43,63.48,43,5918,1,general,0,
3,popular_1_exp_0_seed_None,1084.53,43,127.17,100,11717,1,general,0,
7,popular_1_exp_0_seed_None,1485.1200000000001,43,169.68,70,16268,1,general,0,
10,popular_1_exp_0_seed_None,1338.8999999999999,43,155.9,107,14520,1,general,0,
9,popular_1_exp_0_seed_None,862.83,43,98.67,42,9447,1,general,0,
5,popular_1_exp_0_seed_None,581.25,44,67.25,40,6325,1,general,0,
1,popular_1_exp_0_seed_None,439.89000000000004,44,51.81,44,4741,1,niche,0,
4,popular_1_exp_0_seed_None,775.9499999999999,44,90.35000000000001,62,8415,1,general,0,
2,popular_1_exp_0_seed_None,1604.55,44,181.75,52,17655,1,general,0,
6,popular_1_exp_0_seed_None,975.4499999999999,44,112.65,64,10625,1,general,0,
8,popular_1_exp_0_seed_None,525.51,44,59.79,21,5769,1,general,0,
3,popular_1_exp_0_seed_None,1053.0,44,120.80000000000001,57,11510,1,general,0,
7,popular_1_exp_0_seed_None,1483.05,44,169.05,64,16265,1,general,0,
10,popular_1_exp_0_seed_None,1275.8100000000002,44,143.49,26,14089,1,general,0,
9,popular_1_exp_0_seed_None,863.1600000000001,44,98.84,44,9444,1,general,0,
5,popular_1_exp_0_seed_None,581.6700000000001,45,67.43,42,6323,1,general,0,
1,popular_1_exp_0_seed_None,417.15,45,47.35,15,4585,1,niche,0,
4,popular_1_exp_0_seed_None,747.1200000000001,45,84.28,19,8238,1,general,0,
2,popular_1_exp_0_seed_None,1622.13,45,185.77,83,17747,1,general,0,
6,popular_1_exp_0_seed_None,958.35,45,109.35,43,10505,1,general,0,
8,popular_1_exp_0_seed_None,573.81,45,69.49,86,6089,1,general,0,
3,popular_1_exp_0_seed_None,1039.02,45,118.17999999999999,41,11408,1,general,0,
7,popular_1_exp_0_seed_None,1488.8999999999999,45,169.9,67,16320,1,general,0,
10,popular_1_exp_0_seed_None,1282.5600000000002,45,145.24,41,14114,1,general,0,
9,popular_1_exp_0_seed_None,846.5700000000002,45,94.92999999999999,13,9363,1,general,0,
5,popular_1_exp_0_seed_None,594.5999999999999,46,69.2,47,6450,1,general,0,
1,popular_1_exp_0_seed_None,412.11,46,46.190000000000005,6,4559,1,niche,0,
4,popular_1_exp_0_seed_None,746.97,46,84.33,20,8233,1,general,0,
2,popular_1_exp_0_seed_None,1605.5400000000002,46,182.06,55,17656,1,general,0,
6,popular_1_exp_0_seed_None,1009.05,46,118.05000000000001,89,10915,1,general,0,
8,popular_1_exp_0_seed_None,544.23,46,63.07,39,5917,1,general,0,
3,popular_1_exp_0_seed_None,1057.95,46,121.75,63,11545,1,general,0,
7,popular_1_exp_0_seed_None,1474.5,46,167.29999999999998,52,16210,1,general,0,
10,popular_1_exp_0_seed_None,1267.92,46,141.88,15,14038,1,general,0,
9,popular_1_exp_0_seed_None,847.0200000000001,46,94.98,13,9368,1,general,0,
5,popular_1_exp_0_seed_None,603.39,47,71.11,61,6501,1,general,0,
1,popular_1_exp_0_seed_None,423.15,47,48.55,23,4625,1,niche,0,
4,popular_1_exp_0_seed_None,747.09,47,84.41,21,8231,1,general,0,
2,popular_1_exp_0_seed_None,1592.0400000000002,47,178.96,31,17586,1,general,0,
6,popular_1_exp_0_seed_None,967.5900000000001,47,109.71,33,10641,1,general,0,
8,popular_1_exp_0_seed_None,566.61,47,66.89,59,6099,1,general,0,
3,popular_1_exp_0_seed_None,1060.77,47,121.73,58,11593,1,general,0,
7,popular_1_exp_0_seed_None,1449.15,47,162.75,26,16015,1,general,0,
10,popular_1_exp_0_seed_None,1291.7700000000002,47,146.53,45,14203,1,general,0,
9,popular_1_exp_0_seed_None,849.8399999999999,47,95.56,17,9386,1,general,0,
5,popular_1_exp_0_seed_None,599.4300000000001,48,70.27,55,6477,1,general,0,
1,popular_1_exp_0_seed_None,413.79,48,46.31,5,4581,1,niche,0,
4,popular_1_exp_0_seed_None,763.65,48,86.85000000000001,30,8385,1,general,0,
2,popular_1_exp_0_seed_None,1604.13,48,181.37,47,17667,1,general,0,
6,popular_1_exp_0_seed_None,956.9100000000002,48,107.39,16,10579,1,general,0,
8,popular_1_exp_0_seed_None,534.2400000000001,48,60.559999999999995,18,5876,1,general,0,
3,popular_1_exp_0_seed_None,1068.42,48,122.78,61,11668,1,general,0,
7,popular_1_exp_0_seed_None,1455.03,48,163.67000000000002,30,16067,1,general,0,
10,popular_1_exp_0_seed_None,1252.8,48,139.20000000000002,0,13920,1,general,0,
9,popular_1_exp_0_seed_None,876.0300000000001,48,99.87,38,9607,1,general,0,
5,popular_1_exp_0_seed_None,564.69,49,63.81,16,6221,1,general,0,
1,popular_1_exp_0_seed_None,410.4,49,45.6,0,4560,1,niche,0,
4,popular_1_exp_0_seed_None,770.7900000000001,49,88.91000000000001,49,8401,1,general,0,
2,popular_1_exp_0_seed_None,1589.3999999999999,49,178.4,27,17570,1,general,0,
6,popular_1_exp_0_seed_None,977.7300000000001,49,111.36999999999999,41,10727,1,general,0,
8,popular_1_exp_0_seed_None,533.31,49,60.59,20,5859,1,general,0,
3,popular_1_exp_0_seed_None,1041.12,49,117.28,24,11488,1,general,0,
7,popular_1_exp_0_seed_None,1500.5100000000002,49,171.79,76,16419,1,general,0,
10,popular_1_exp_0_seed_None,1265.19,49,141.70999999999998,17,14001,1,general,0,
9,popular_1_exp_0_seed_None,868.95,49,98.55,30,9555,1,general,0,
5,popular_1_exp_0_seed_None,570.3,50,64.5,17,6280,1,general,0,
1,popular_1_exp_0_seed_None,417.42,50,46.98,9,4608,1,niche,0,
4,popular_1_exp_0_seed_None,764.9100000000001,50,87.39,36,8379,1,general,0,
2,popular_1_exp_0_seed_None,1600.1700000000003,50,180.33,38,17653,1,general,0,
6,popular_1_exp_0_seed_None,972.3900000000001,50,110.31,34,10691,1,general,0,
8,popular_1_exp_0_seed_None,546.9599999999999,50,62.84,31,5974,1,general,0,
3,popular_1_exp_0_seed_None,1046.97,50,118.53,33,11523,1,general,0,
7,popular_1_exp_0_seed_None,1434.48,50,159.51999999999998,2,15932,1,general,0,
10,popular_1_exp_0_seed_None,1305.48,50,149.72,70,14272,1,general,0,
9,popular_1_exp_0_seed_None,871.83,50,98.87,30,9587,1,general,0,
5,popular_1_exp_0_seed_None,576.8700000000001,51,65.63,23,6333,1,general,0,
1,popular_1_exp_0_seed_None,415.14000000000004,51,46.46,5,4596,1,niche,0,
4,popular_1_exp_0_seed_None,771.3,51,88.5,42,8430,1,general,0,
2,popular_1_exp_0_seed_None,1600.8600000000001,51,180.54,40,17654,1,general,0,
6,popular_1_exp_0_seed_None,957.03,51,107.47,17,10577,1,general,0,
8,popular_1_exp_0_seed_None,542.16,51,62.24,30,5924,1,general,0,
3,popular_1_exp_0_seed_None,1052.6999999999998,51,119.9,44,11550,1,general,0,
7,popular_1_exp_0_seed_None,1448.9700000000003,51,162.13,17,16043,1,general,0,
10,popular_1_exp_0_seed_None,1284.7200000000003,51,145.28,38,14148,1,general,0,
9,popular_1_exp_0_seed_None,877.1999999999999,51,99.60000000000001,32,9640,1,general,0,
5,popular_1_exp_0_seed_None,568.65,52,63.85,10,6285,1,general,0,
1,popular_1_exp_0_seed_None,410.4,52,45.6,0,4560,1,niche,0,
4,popular_1_exp_0_seed_None,753.8100000000002,52,85.28999999999999,23,8299,1,general,0,
2,popular_1_exp_0_seed_None,1576.89,52,176.01,12,17481,1,general,0,
6,popular_1_exp_0_seed_None,980.7900000000001,52,112.11,47,10741,1,general,0,
8,popular_1_exp_0_seed_None,541.32,52,61.28,17,5958,1,general,0,
3,popular_1_exp_0_seed_None,1070.22,52,122.58,55,11708,1,general,0,
7,popular_1_exp_0_seed_None,1463.1,52,164.9,35,16140,1,general,0,
10,popular_1_exp_0_seed_None,1284.93,52,144.57,27,14187,1,general,0,
9,popular_1_exp_0_seed_None,865.5300000000001,52,97.17,15,9567,1,general,0,
5,popular_1_exp_0_seed_None,568.62,53,63.980000000000004,12,6278,1,general,0,
1,popular_1_exp_0_seed_None,418.56,53,47.24,11,4614,1,niche,0,
4,popular_1_exp_0_seed_None,769.44,53,88.16,40,8416,1,general,0,
2,popular_1_exp_0_seed_None,1604.8200000000002,53,181.58,49,17668,1,general,0,
6,popular_1_exp_0_seed_None,960.78,53,108.02000000000001,19,10612,1,general,0,
8,popular_1_exp_0_seed_None,548.94,53,63.06,31,5996,1,general,0,
3,popular_1_exp_0_seed_None,1056.21,53,119.69,35,11619,1,general,0,
7,popular_1_exp_0_seed_None,1443.96,53,161.23999999999998,12,16004,1,general,0,
10,popular_1_exp_0_seed_None,1271.3700000000003,53,142.32999999999998,16,14073,1,general,0,
9,popular_1_exp_0_seed_None,865.5300000000001,53,97.17,15,9567,1,general,0,
5,popular_1_exp_0_seed_None,576.99,54,65.71000000000001,24,6331,1,general,0,
1,popular_1_exp_0_seed_None,430.17,54,49.33,23,4703,1,niche,0,
4,popular_1_exp_0_seed_None,759.0600000000001,54,86.34,30,8334,1,general,0,
2,popular_1_exp_0_seed_None,1586.0100000000002,54,177.29,16,17569,1,general,0,
6,popular_1_exp_0_seed_None,957.72,54,107.28,13,10598,1,general,0,
8,popular_1_exp_0_seed_None,536.16,54,60.839999999999996,19,5894,1,general,0,
3,popular_1_exp_0_seed_None,1047.5700000000002,54,118.13,26,11553,1,general,0,
7,popular_1_exp_0_seed_None,1453.0500000000002,54,162.85,21,16075,1,general,0,
10,popular_1_exp_0_seed_None,1288.92,54,145.48000000000002,34,14208,1,general,0,
9,popular_1_exp_0_seed_None,860.46,54,95.94,5,9544,1,general,0,
5,popular_1_exp_0_seed_None,574.38,55,65.62,27,6292,1,general,0,
1,popular_1_exp_0_seed_None,414.81,55,46.29,3,4599,1,niche,0,
4,popular_1_exp_0_seed_None,768.78,55,88.22,42,8402,1,general,0,
2,popular_1_exp_0_seed_None,1581.6,55,176.60000000000002,13,17530,1,general,0,
6,popular_1_exp_0_seed_None,948.0600000000001,55,105.34,0,10534,1,general,0,
8,popular_1_exp_0_seed_None,544.44,55,61.76,19,5986,1,general,0,
3,popular_1_exp_0_seed_None,1054.95,55,119.75,38,11595,1,general,0,
7,popular_1_exp_0_seed_None,1453.53,55,162.77,19,16087,1,general,0,
10,popular_1_exp_0_seed_None,1272.0600000000002,55,142.34,15,14084,1,general,0,
9,popular_1_exp_0_seed_None,885.3600000000001,55,100.64000000000001,34,9724,1,general,0,
5,popular_1_exp_0_seed_None,574.95,56,65.15,19,6325,1,general,0,
1,popular_1_exp_0_seed_None,429.9,56,48.900000000000006,17,4720,1,niche,0,
4,popular_1_exp_0_seed_None,755.49,56,85.41000000000001,22,8321,1,general,0,
2,popular_1_exp_0_seed_None,1585.8300000000002,56,177.27,16,17567,1,general,0,
6,popular_1_exp_0_seed_None,958.5900000000003,56,106.91,6,10631,1,general,0,
8,popular_1_exp_0_seed_None,545.2800000000001,56,62.12,23,5982,1,general,0,
3,popular_1_exp_0_seed_None,1046.6999999999998,56,117.9,24,11550,1,general,0,
7,popular_1_exp_0_seed_None,1456.47,56,163.43,24,16103,1,general,0,
10,popular_1_exp_0_seed_None,1273.5900000000001,56,142.51,15,14101,1,general,0,
9,popular_1_exp_0_seed_None,870.39,56,98.51,27,9581,1,general,0,
5,popular_1_exp_0_seed_None,579.6600000000001,57,66.14,26,6354,1,general,0,
1,popular_1_exp_0_seed_None,424.35,57,48.15,15,4665,1,niche,0,
4,popular_1_exp_0_seed_None,755.34,57,85.26,20,8326,1,general,0,
2,popular_1_exp_0_seed_None,1587.5700000000002,57,177.33,14,17593,1,general,0,
6,popular_1_exp_0_seed_None,962.5800000000002,57,108.02,16,10642,1,general,0,
8,popular_1_exp_0_seed_None,544.0200000000001,57,61.78,20,5978,1,general,0,
3,popular_1_exp_0_seed_None,1051.44,57,118.76,29,11586,1,general,0,
7,popular_1_exp_0_seed_None,1446.03,57,161.27,9,16037,1,general,0,
10,popular_1_exp_0_seed_None,1274.88,57,142.72,16,14112,1,general,0,
9,popular_1_exp_0_seed_None,861.72,57,96.47999999999999,11,9538,1,general,0,
5,popular_1_exp_0_seed_None,576.0,58,64.60000000000001,9,6370,1,general,0,
1,popular_1_exp_0_seed_None,419.70000000000005,58,46.9,4,4650,1,niche,0,
4,popular_1_exp_0_seed_None,745.2600000000001,58,83.34,8,8254,1,general,0,
2,popular_1_exp_0_seed_None,1584.4499999999998,58,176.65,9,17575,1,general,0,
6,popular_1_exp_0_seed_None,969.9000000000001,58,108.5,11,10740,1,general,0,
8,popular_1_exp_0_seed_None,548.8800000000001,58,62.519999999999996,23,6022,1,general,0,
3,popular_1_exp_0_seed_None,1041.8400000000001,58,116.36000000000001,9,11546,1,general,0,
7,popular_1_exp_0_seed_None,1451.46,58,162.54000000000002,19,16064,1,general,0,
10,popular_1_exp_0_seed_None,1278.75,58,142.95000000000002,13,14165,1,general,0,
9,popular_1_exp_0_seed_None,869.4,58,97.60000000000001,15,9610,1,general,0,
5,popular_1_exp_0_seed_None,585.09,59,66.61000000000001,24,6421,1,general,0,
1,popular_1_exp_0_seed_None,415.8,59,46.2,0,4620,1,niche,0,
4,popular_1_exp_0_seed_None,747.24,59,83.75999999999999,11,8266,1,general,0,
2,popular_1_exp_0_seed_None,1578.6,59,175.60000000000002,3,17530,1,general,0,
6,popular_1_exp_0_seed_None,972.51,59,108.99000000000001,14,10759,1,general,0,
8,popular_1_exp_0_seed_None,539.82,59,60.78,12,5958,1,general,0,
3,popular_1_exp_0_seed_None,1046.5500000000002,59,117.35,16,11575,1,general,0,
7,popular_1_exp_0_seed_None,1442.4,59,160.8,8,16000,1,general,0,
10,popular_1_exp_0_seed_None,1286.3700000000003,59,144.32999999999998,21,14223,1,general,0,
9,popular_1_exp_0_seed_None,866.55,59,96.95,10,9595,1,general,0,
5,popular_1_exp_0_seed_None,579.12,60,65.48,17,6378,1,general,0,
1,popular_1_exp_0_seed_None,418.05,60,46.65,3,4635,1,niche,0,
4,popular_1_exp_0_seed_None,750.96,60,83.83999999999999,6,8324,1,general,0,
2,popular_1_exp_0_seed_None,1577.8200000000002,60,175.38,1,17528,1,general,0,
6,popular_1_exp_0_seed_None,968.1300000000001,60,107.97,6,10737,1,general,0,
8,popular_1_exp_0_seed_None,540.84,60,60.96,13,5966,1,general,0,
3,popular_1_exp_0_seed_None,1043.6400000000003,60,116.36,6,11576,1,general,0,
7,popular_1_exp_0_seed_None,1450.23,60,162.26999999999998,17,16057,1,general,0,
10,popular_1_exp_0_seed_None,1274.4,60,142.0,6,14140,1,general,0,
9,popular_1_exp_0_seed_None,875.97,60,98.33,15,9683,1,general,0,
