provider_id,recommender_id,profit,cycle,fee,clicks,shows,connected_recommenders,controlled,experiment_id,random_seed
9,popular_1_exp_0_seed_None,2122.8600000000006,1,419.74,2758,14394,1,general,0,
8,popular_1_exp_0_seed_None,2198.61,1,419.69000000000005,2631,15659,1,general,0,
6,popular_1_exp_0_seed_None,3682.32,1,719.2800000000001,4652,25408,1,general,0,
4,popular_1_exp_0_seed_None,590.7,1,113.30000000000001,715,4180,1,general,0,
1,popular_1_exp_0_seed_None,470.73,1,94.77000000000001,637,3107,1,niche,0,
3,popular_1_exp_0_seed_None,475.56,1,90.44,564,3404,1,general,0,
10,popular_1_exp_0_seed_None,448.79999999999995,1,86.0,542,3180,1,general,0,
7,popular_1_exp_0_seed_None,447.84000000000003,1,85.16,531,3206,1,general,0,
2,popular_1_exp_0_seed_None,2050.4700000000003,1,397.03,2538,14323,1,general,0,
5,popular_1_exp_0_seed_None,453.5100000000001,1,88.39,570,3139,1,general,0,
9,popular_1_exp_0_seed_None,2228.1900000000005,2,437.90999999999997,2855,15241,1,general,0,
8,popular_1_exp_0_seed_None,2142.2400000000002,2,407.56,2543,15326,1,general,0,
6,popular_1_exp_0_seed_None,3932.79,2,767.51,4958,27171,1,general,0,
4,popular_1_exp_0_seed_None,416.61,2,80.09,507,2939,1,general,0,
1,popular_1_exp_0_seed_None,396.03,2,77.87,508,2707,1,niche,0,
3,popular_1_exp_0_seed_None,446.79,2,85.91000000000001,544,3151,1,general,0,
10,popular_1_exp_0_seed_None,395.01000000000005,2,75.89,480,2789,1,general,0,
7,popular_1_exp_0_seed_None,402.00000000000006,2,78.2,503,2790,1,general,0,
2,popular_1_exp_0_seed_None,2163.63,2,418.47,2671,15137,1,general,0,
5,popular_1_exp_0_seed_None,407.91,2,80.99000000000001,535,2749,1,general,0,
9,popular_1_exp_0_seed_None,2204.25,3,429.65000000000003,2771,15255,1,general,0,
8,popular_1_exp_0_seed_None,2160.1200000000003,3,414.08000000000004,2611,15298,1,general,0,
6,popular_1_exp_0_seed_None,3921.15,3,761.1500000000001,4882,27295,1,general,0,
4,popular_1_exp_0_seed_None,404.01000000000005,3,79.49000000000001,519,2759,1,general,0,
1,popular_1_exp_0_seed_None,415.11,3,82.39000000000001,544,2799,1,niche,0,
3,popular_1_exp_0_seed_None,425.07,3,81.43,513,3013,1,general,0,
10,popular_1_exp_0_seed_None,396.75,3,76.15,481,2805,1,general,0,
7,popular_1_exp_0_seed_None,411.96000000000004,3,78.64,493,2934,1,general,0,
2,popular_1_exp_0_seed_None,2185.59,3,425.91,2746,15131,1,general,0,
5,popular_1_exp_0_seed_None,398.19000000000005,3,78.51,514,2711,1,general,0,
9,popular_1_exp_0_seed_None,2239.65,4,441.25,2886,15265,1,general,0,
8,popular_1_exp_0_seed_None,2142.3900000000003,4,409.51,2572,15231,1,general,0,
6,popular_1_exp_0_seed_None,3938.55,4,768.55,4964,27215,1,general,0,
4,popular_1_exp_0_seed_None,408.6,4,79.0,504,2860,1,general,0,
1,popular_1_exp_0_seed_None,418.41,4,83.49000000000001,555,2799,1,niche,0,
3,popular_1_exp_0_seed_None,434.31,4,82.79,518,3099,1,general,0,
10,popular_1_exp_0_seed_None,404.19,4,77.31,486,2871,1,general,0,
7,popular_1_exp_0_seed_None,401.9100000000001,4,76.59,479,2869,1,general,0,
2,popular_1_exp_0_seed_None,2168.13,4,420.37,2692,15117,1,general,0,
5,popular_1_exp_0_seed_None,377.76000000000005,4,72.44,457,2674,1,general,0,
9,popular_1_exp_0_seed_None,2219.01,5,432.29,2786,15369,1,general,0,
8,popular_1_exp_0_seed_None,2136.0,5,407.0,2545,15250,1,general,0,
6,popular_1_exp_0_seed_None,3951.0,5,772.8000000000001,5007,27210,1,general,0,
4,popular_1_exp_0_seed_None,410.1,5,81.10000000000001,533,2780,1,general,0,
1,popular_1_exp_0_seed_None,431.73,5,84.97,555,2947,1,niche,0,
3,popular_1_exp_0_seed_None,417.75,5,78.75,485,3025,1,general,0,
10,popular_1_exp_0_seed_None,399.17999999999995,5,76.22,478,2842,1,general,0,
7,popular_1_exp_0_seed_None,396.39000000000004,5,75.51,472,2831,1,general,0,
2,popular_1_exp_0_seed_None,2163.4800000000005,5,420.12,2696,15052,1,general,0,
5,popular_1_exp_0_seed_None,399.06000000000006,5,79.14,522,2694,1,general,0,
9,popular_1_exp_0_seed_None,2214.6,6,431.6,2783,15330,1,general,0,
8,popular_1_exp_0_seed_None,2171.85,6,417.85,2648,15305,1,general,0,
6,popular_1_exp_0_seed_None,3929.9400000000005,6,764.26,4914,27286,1,general,0,
4,popular_1_exp_0_seed_None,414.72,6,80.88,522,2868,1,general,0,
1,popular_1_exp_0_seed_None,420.06000000000006,6,81.74000000000001,526,2914,1,niche,0,
3,popular_1_exp_0_seed_None,410.0400000000001,6,77.76,483,2946,1,general,0,
10,popular_1_exp_0_seed_None,386.88,6,73.32,455,2782,1,general,0,
7,popular_1_exp_0_seed_None,416.73,6,80.57000000000001,514,2917,1,general,0,
2,popular_1_exp_0_seed_None,2176.59,6,425.11,2749,15021,1,general,0,
5,popular_1_exp_0_seed_None,378.39000000000004,6,73.51,472,2631,1,general,0,
9,popular_1_exp_0_seed_None,2240.1600000000003,7,440.44000000000005,2873,15314,1,general,0,
8,popular_1_exp_0_seed_None,2182.05,7,421.85,2691,15275,1,general,0,
6,popular_1_exp_0_seed_None,3886.380000000001,7,750.8199999999999,4785,27232,1,general,0,
4,popular_1_exp_0_seed_None,412.14000000000004,7,80.06,514,2866,1,general,0,
1,popular_1_exp_0_seed_None,414.69000000000005,7,80.21000000000001,512,2901,1,niche,0,
3,popular_1_exp_0_seed_None,426.03000000000003,7,81.07,506,3047,1,general,0,
10,popular_1_exp_0_seed_None,402.75,7,77.55000000000001,492,2835,1,general,0,
7,popular_1_exp_0_seed_None,405.4200000000001,7,78.78,506,2818,1,general,0,
2,popular_1_exp_0_seed_None,2152.0200000000004,7,417.38,2674,14998,1,general,0,
5,popular_1_exp_0_seed_None,396.06000000000006,7,77.74000000000001,506,2714,1,general,0,
9,popular_1_exp_0_seed_None,2237.16,8,438.03999999999996,2842,15384,1,general,0,
8,popular_1_exp_0_seed_None,2169.45,8,416.05,2625,15355,1,general,0,
6,popular_1_exp_0_seed_None,3963.6600000000003,8,771.94,4973,27464,1,general,0,
4,popular_1_exp_0_seed_None,389.31000000000006,8,75.19,479,2729,1,general,0,
1,popular_1_exp_0_seed_None,404.82000000000005,8,78.78,507,2808,1,niche,0,
3,popular_1_exp_0_seed_None,411.21000000000004,8,77.49000000000001,477,2979,1,general,0,
10,popular_1_exp_0_seed_None,403.11,8,78.78999999999999,510,2779,1,general,0,
7,popular_1_exp_0_seed_None,409.4100000000001,8,78.09,489,2919,1,general,0,
2,popular_1_exp_0_seed_None,2161.8,8,421.20000000000005,2715,14970,1,general,0,
5,popular_1_exp_0_seed_None,373.77000000000004,8,72.33,462,2613,1,general,0,
9,popular_1_exp_0_seed_None,2227.8900000000003,9,436.81000000000006,2839,15291,1,general,0,
8,popular_1_exp_0_seed_None,2152.95,9,412.75,2603,15245,1,general,0,
6,popular_1_exp_0_seed_None,3918.9900000000002,9,761.31,4888,27251,1,general,0,
4,popular_1_exp_0_seed_None,400.5,9,77.30000000000001,492,2810,1,general,0,
1,popular_1_exp_0_seed_None,426.66,9,83.54,542,2934,1,niche,0,
3,popular_1_exp_0_seed_None,408.72,9,77.48,481,2938,1,general,0,
10,popular_1_exp_0_seed_None,397.8900000000001,9,76.41,483,2811,1,general,0,
7,popular_1_exp_0_seed_None,425.88,9,81.52000000000001,513,3022,1,general,0,
2,popular_1_exp_0_seed_None,2176.23,9,424.27,2737,15057,1,general,0,
5,popular_1_exp_0_seed_None,381.69000000000005,9,74.41,480,2641,1,general,0,
9,popular_1_exp_0_seed_None,2212.8900000000003,10,432.81000000000006,2804,15241,1,general,0,
8,popular_1_exp_0_seed_None,2143.92,10,410.88,2590,15188,1,general,0,
6,popular_1_exp_0_seed_None,3901.26,10,759.34,4888,27054,1,general,0,
4,popular_1_exp_0_seed_None,408.75,10,78.75,500,2875,1,general,0,
1,popular_1_exp_0_seed_None,434.64,10,85.36,556,2976,1,niche,0,
3,popular_1_exp_0_seed_None,419.31000000000006,10,78.99000000000001,486,3039,1,general,0,
10,popular_1_exp_0_seed_None,411.6,10,79.60000000000001,508,2880,1,general,0,
7,popular_1_exp_0_seed_None,413.04,10,78.56,490,2956,1,general,0,
2,popular_1_exp_0_seed_None,2166.9300000000003,10,423.37,2739,14947,1,general,0,
5,popular_1_exp_0_seed_None,417.36,10,82.24000000000001,538,2844,1,general,0,
9,popular_1_exp_0_seed_None,2232.0000000000005,11,437.6,2844,15320,1,general,0,
8,popular_1_exp_0_seed_None,2156.7300000000005,11,412.37,2591,15327,1,general,0,
6,popular_1_exp_0_seed_None,3948.3900000000003,11,769.71,4965,27321,1,general,0,
4,popular_1_exp_0_seed_None,397.86,11,78.14000000000001,509,2724,1,general,0,
1,popular_1_exp_0_seed_None,426.39000000000004,11,84.31,554,2891,1,niche,0,
3,popular_1_exp_0_seed_None,403.65,11,76.65,477,2895,1,general,0,
10,popular_1_exp_0_seed_None,394.32,11,75.48,475,2798,1,general,0,
7,popular_1_exp_0_seed_None,419.61000000000007,11,80.69,511,2959,1,general,0,
2,popular_1_exp_0_seed_None,2161.1400000000003,11,419.46000000000004,2690,15046,1,general,0,
5,popular_1_exp_0_seed_None,384.81000000000006,11,73.89,467,2719,1,general,0,
9,popular_1_exp_0_seed_None,2227.08,12,436.72,2839,15282,1,general,0,
8,popular_1_exp_0_seed_None,2171.7900000000004,12,416.91,2634,15351,1,general,0,
6,popular_1_exp_0_seed_None,3923.94,12,758.86,4843,27456,1,general,0,
4,popular_1_exp_0_seed_None,412.86,12,80.34,517,2864,1,general,0,
1,popular_1_exp_0_seed_None,405.12,12,79.28,514,2788,1,niche,0,
3,popular_1_exp_0_seed_None,421.11,12,78.59,477,3089,1,general,0,
10,popular_1_exp_0_seed_None,390.69000000000005,12,76.61000000000001,498,2681,1,general,0,
7,popular_1_exp_0_seed_None,399.06000000000006,12,76.74000000000001,486,2814,1,general,0,
2,popular_1_exp_0_seed_None,2181.21,12,427.09000000000003,2771,14999,1,general,0,
5,popular_1_exp_0_seed_None,386.64,12,75.36,486,2676,1,general,0,
9,popular_1_exp_0_seed_None,2216.61,13,433.89000000000004,2814,15249,1,general,0,
8,popular_1_exp_0_seed_None,2154.1800000000003,13,412.42,2596,15282,1,general,0,
6,popular_1_exp_0_seed_None,3904.92,13,757.88,4860,27188,1,general,0,
4,popular_1_exp_0_seed_None,402.24,13,77.96000000000001,499,2806,1,general,0,
1,popular_1_exp_0_seed_None,416.61,13,81.49000000000001,528,2869,1,niche,0,
3,popular_1_exp_0_seed_None,421.86,13,79.74000000000001,493,3044,1,general,0,
10,popular_1_exp_0_seed_None,398.67,13,76.43,482,2823,1,general,0,
7,popular_1_exp_0_seed_None,414.96000000000004,13,79.84,506,2924,1,general,0,
2,popular_1_exp_0_seed_None,2193.1499999999996,13,429.55,2788,15075,1,general,0,
5,popular_1_exp_0_seed_None,396.00000000000006,13,77.2,498,2740,1,general,0,
9,popular_1_exp_0_seed_None,2238.2400000000002,14,441.15999999999997,2887,15246,1,general,0,
8,popular_1_exp_0_seed_None,2138.61,14,405.28999999999996,2515,15379,1,general,0,
6,popular_1_exp_0_seed_None,3946.620000000001,14,767.58,4936,27398,1,general,0,
4,popular_1_exp_0_seed_None,392.37,14,75.13000000000001,473,2783,1,general,0,
1,popular_1_exp_0_seed_None,425.46000000000004,14,84.14,553,2884,1,niche,0,
3,popular_1_exp_0_seed_None,421.17,14,79.93,497,3023,1,general,0,
10,popular_1_exp_0_seed_None,393.81000000000006,14,76.49000000000001,491,2739,1,general,0,
7,popular_1_exp_0_seed_None,393.99,14,74.51,461,2841,1,general,0,
2,popular_1_exp_0_seed_None,2182.6800000000003,14,425.72,2748,15092,1,general,0,
5,popular_1_exp_0_seed_None,385.05,14,76.05000000000001,499,2615,1,general,0,
9,popular_1_exp_0_seed_None,2244.8100000000004,15,444.29,2923,15199,1,general,0,
8,popular_1_exp_0_seed_None,2135.88,15,404.92,2514,15352,1,general,0,
6,popular_1_exp_0_seed_None,3923.9700000000003,15,763.53,4913,27223,1,general,0,
4,popular_1_exp_0_seed_None,415.59000000000003,15,81.91,536,2831,1,general,0,
1,popular_1_exp_0_seed_None,427.1700000000001,15,84.53,556,2893,1,niche,0,
3,popular_1_exp_0_seed_None,416.37000000000006,15,78.33,481,3023,1,general,0,
10,popular_1_exp_0_seed_None,396.45000000000005,15,76.25,483,2795,1,general,0,
7,popular_1_exp_0_seed_None,409.92,15,78.68,497,2898,1,general,0,
2,popular_1_exp_0_seed_None,2163.9000000000005,15,419.70000000000005,2689,15080,1,general,0,
5,popular_1_exp_0_seed_None,386.04,15,74.56,475,2706,1,general,0,
9,popular_1_exp_0_seed_None,2229.9600000000005,16,437.64,2848,15284,1,general,0,
8,popular_1_exp_0_seed_None,2149.95,16,409.55,2560,15355,1,general,0,
6,popular_1_exp_0_seed_None,3967.89,16,772.61,4976,27501,1,general,0,
4,popular_1_exp_0_seed_None,396.48,16,76.72,490,2772,1,general,0,
1,popular_1_exp_0_seed_None,421.89,16,83.61,551,2851,1,niche,0,
3,popular_1_exp_0_seed_None,401.78999999999996,16,75.71000000000001,466,2911,1,general,0,
10,popular_1_exp_0_seed_None,394.59000000000003,16,76.31,487,2761,1,general,0,
7,popular_1_exp_0_seed_None,389.13,16,72.37,437,2867,1,general,0,
2,popular_1_exp_0_seed_None,2178.7200000000003,16,424.68000000000006,2739,15078,1,general,0,
5,popular_1_exp_0_seed_None,384.9,16,75.9,497,2620,1,general,0,
9,popular_1_exp_0_seed_None,2219.7,17,434.70000000000005,2821,15260,1,general,0,
8,popular_1_exp_0_seed_None,2150.9700000000003,17,411.93000000000006,2594,15253,1,general,0,
6,popular_1_exp_0_seed_None,3949.7700000000004,17,769.33,4957,27363,1,general,0,
4,popular_1_exp_0_seed_None,401.97,17,78.53,508,2773,1,general,0,
1,popular_1_exp_0_seed_None,413.70000000000005,17,80.9,524,2850,1,niche,0,
3,popular_1_exp_0_seed_None,433.4100000000001,17,83.49000000000001,530,3049,1,general,0,
10,popular_1_exp_0_seed_None,398.25,17,77.05000000000001,492,2785,1,general,0,
7,popular_1_exp_0_seed_None,417.24000000000007,17,79.56,498,2976,1,general,0,
2,popular_1_exp_0_seed_None,2147.34,17,415.06,2647,15036,1,general,0,
5,popular_1_exp_0_seed_None,391.05,17,77.25,507,2655,1,general,0,
9,popular_1_exp_0_seed_None,2225.31,18,435.19000000000005,2819,15329,1,general,0,
8,popular_1_exp_0_seed_None,2143.41,18,409.28999999999996,2567,15259,1,general,0,
6,popular_1_exp_0_seed_None,3939.3900000000003,18,767.51,4947,27281,1,general,0,
4,popular_1_exp_0_seed_None,385.79999999999995,18,73.6,461,2750,1,general,0,
1,popular_1_exp_0_seed_None,420.57000000000005,18,83.13,546,2853,1,niche,0,
3,popular_1_exp_0_seed_None,431.22,18,82.38,517,3068,1,general,0,
10,popular_1_exp_0_seed_None,398.03999999999996,18,75.96000000000001,476,2836,1,general,0,
7,popular_1_exp_0_seed_None,409.5,18,78.30000000000001,492,2910,1,general,0,
2,popular_1_exp_0_seed_None,2168.76,18,422.04,2716,15044,1,general,0,
5,popular_1_exp_0_seed_None,393.3,18,77.7,510,2670,1,general,0,
9,popular_1_exp_0_seed_None,2259.6900000000005,19,446.40999999999997,2930,15341,1,general,0,
8,popular_1_exp_0_seed_None,2125.95,19,403.95000000000005,2516,15235,1,general,0,
6,popular_1_exp_0_seed_None,3931.17,19,762.9300000000001,4892,27373,1,general,0,
4,popular_1_exp_0_seed_None,394.44000000000005,19,76.16,485,2766,1,general,0,
1,popular_1_exp_0_seed_None,405.09000000000003,19,79.21000000000001,513,2791,1,niche,0,
3,popular_1_exp_0_seed_None,424.89,19,80.21000000000001,495,3071,1,general,0,
10,popular_1_exp_0_seed_None,401.82000000000005,19,77.78,497,2808,1,general,0,
7,popular_1_exp_0_seed_None,417.72,19,80.28,508,2948,1,general,0,
2,popular_1_exp_0_seed_None,2182.71,19,426.59000000000003,2761,15049,1,general,0,
5,popular_1_exp_0_seed_None,381.4200000000001,19,74.78,486,2618,1,general,0,
9,popular_1_exp_0_seed_None,2239.53,20,439.77000000000004,2864,15337,1,general,0,
8,popular_1_exp_0_seed_None,2140.6499999999996,20,409.05,2568,15225,1,general,0,
6,popular_1_exp_0_seed_None,3957.42,20,771.58,4978,27378,1,general,0,
4,popular_1_exp_0_seed_None,394.86,20,76.34,487,2764,1,general,0,
1,popular_1_exp_0_seed_None,415.26000000000005,20,81.14,525,2864,1,niche,0,
3,popular_1_exp_0_seed_None,404.34000000000003,20,75.06,452,2986,1,general,0,
10,popular_1_exp_0_seed_None,411.36,20,80.03999999999999,515,2854,1,general,0,
7,popular_1_exp_0_seed_None,418.77000000000004,20,80.33,507,2963,1,general,0,
2,popular_1_exp_0_seed_None,2153.34,20,418.46000000000004,2688,14966,1,general,0,
5,popular_1_exp_0_seed_None,383.97,20,74.73,481,2663,1,general,0,
9,popular_1_exp_0_seed_None,2214.63,21,432.6700000000001,2799,15277,1,general,0,
8,popular_1_exp_0_seed_None,2138.3100000000004,21,407.39,2547,15269,1,general,0,
6,popular_1_exp_0_seed_None,3939.3900000000003,21,768.9100000000001,4968,27211,1,general,0,
4,popular_1_exp_0_seed_None,413.94000000000005,21,81.46000000000001,532,2826,1,general,0,
1,popular_1_exp_0_seed_None,424.26000000000005,21,83.54,546,2894,1,niche,0,
3,popular_1_exp_0_seed_None,429.6,21,82.4,520,3040,1,general,0,
10,popular_1_exp_0_seed_None,399.99,21,77.11,490,2811,1,general,0,
7,popular_1_exp_0_seed_None,403.98,21,77.02000000000001,482,2882,1,general,0,
2,popular_1_exp_0_seed_None,2156.9400000000005,21,418.65999999999997,2685,15016,1,general,0,
5,popular_1_exp_0_seed_None,398.16,21,77.24000000000001,495,2774,1,general,0,
9,popular_1_exp_0_seed_None,2226.0,22,435.20000000000005,2818,15340,1,general,0,
8,popular_1_exp_0_seed_None,2132.01,22,406.49,2544,15209,1,general,0,
6,popular_1_exp_0_seed_None,3974.9400000000005,22,776.26,5019,27436,1,general,0,
4,popular_1_exp_0_seed_None,388.83000000000004,22,74.47,469,2757,1,general,0,
1,popular_1_exp_0_seed_None,421.97999999999996,22,83.42,548,2862,1,niche,0,
3,popular_1_exp_0_seed_None,388.08000000000004,22,71.72,429,2882,1,general,0,
10,popular_1_exp_0_seed_None,393.6,22,75.60000000000001,478,2780,1,general,0,
7,popular_1_exp_0_seed_None,408.36,22,77.84,487,2914,1,general,0,
2,popular_1_exp_0_seed_None,2188.26,22,426.14,2745,15164,1,general,0,
5,popular_1_exp_0_seed_None,399.24,22,79.96000000000001,534,2656,1,general,0,
9,popular_1_exp_0_seed_None,2226.1200000000003,23,435.08000000000004,2816,15348,1,general,0,
8,popular_1_exp_0_seed_None,2118.3,23,401.5,2492,15230,1,general,0,
6,popular_1_exp_0_seed_None,3977.25,23,780.25,5075,27275,1,general,0,
4,popular_1_exp_0_seed_None,398.19000000000005,23,76.91,490,2791,1,general,0,
1,popular_1_exp_0_seed_None,424.38,23,83.62,547,2892,1,niche,0,
3,popular_1_exp_0_seed_None,427.23,23,80.87,501,3077,1,general,0,
10,popular_1_exp_0_seed_None,408.39,23,80.11,521,2801,1,general,0,
7,popular_1_exp_0_seed_None,391.53000000000003,23,74.57,466,2797,1,general,0,
2,popular_1_exp_0_seed_None,2172.63,23,420.87,2692,15167,1,general,0,
5,popular_1_exp_0_seed_None,381.18,23,74.62,484,2622,1,general,0,
9,popular_1_exp_0_seed_None,2217.3900000000003,24,432.31000000000006,2789,15341,1,general,0,
8,popular_1_exp_0_seed_None,2156.0099999999998,24,411.69,2582,15349,1,general,0,
6,popular_1_exp_0_seed_None,3946.71,24,768.3900000000001,4948,27359,1,general,0,
4,popular_1_exp_0_seed_None,406.74,24,78.86,505,2836,1,general,0,
1,popular_1_exp_0_seed_None,398.13,24,77.97,506,2737,1,niche,0,
3,popular_1_exp_0_seed_None,423.33000000000004,24,79.77000000000001,491,3067,1,general,0,
10,popular_1_exp_0_seed_None,380.64,24,72.36,451,2726,1,general,0,
7,popular_1_exp_0_seed_None,393.47999999999996,24,76.92,498,2712,1,general,0,
2,popular_1_exp_0_seed_None,2206.26,24,431.34000000000003,2793,15204,1,general,0,
5,popular_1_exp_0_seed_None,391.71000000000004,24,77.19,505,2669,1,general,0,
9,popular_1_exp_0_seed_None,2237.3700000000003,25,438.73,2852,15353,1,general,0,
8,popular_1_exp_0_seed_None,2168.04,25,415.36,2617,15366,1,general,0,
6,popular_1_exp_0_seed_None,3940.2900000000004,25,766.6100000000001,4932,27341,1,general,0,
4,popular_1_exp_0_seed_None,400.65000000000003,25,78.05000000000001,503,2775,1,general,0,
1,popular_1_exp_0_seed_None,415.38,25,82.22,541,2812,1,niche,0,
3,popular_1_exp_0_seed_None,418.11,25,78.78999999999999,485,3029,1,general,0,
10,popular_1_exp_0_seed_None,394.59000000000003,25,76.31,487,2761,1,general,0,
7,popular_1_exp_0_seed_None,367.98,25,69.82000000000001,434,2642,1,general,0,
2,popular_1_exp_0_seed_None,2172.75,25,419.54999999999995,2672,15235,1,general,0,
5,popular_1_exp_0_seed_None,394.74,25,77.86,510,2686,1,general,0,
9,popular_1_exp_0_seed_None,2229.3599999999997,26,436.84000000000003,2837,15314,1,general,0,
8,popular_1_exp_0_seed_None,2158.83,26,413.47,2604,15307,1,general,0,
6,popular_1_exp_0_seed_None,3904.23,26,757.07,4849,27217,1,general,0,
4,popular_1_exp_0_seed_None,392.16,26,75.44,478,2764,1,general,0,
1,popular_1_exp_0_seed_None,420.75,26,83.35000000000001,549,2845,1,niche,0,
3,popular_1_exp_0_seed_None,403.47,26,75.43,459,2953,1,general,0,
10,popular_1_exp_0_seed_None,413.04,26,81.36,532,2816,1,general,0,
7,popular_1_exp_0_seed_None,393.66,26,75.54,477,2784,1,general,0,
2,popular_1_exp_0_seed_None,2210.7,26,431.3,2785,15280,1,general,0,
5,popular_1_exp_0_seed_None,384.9,26,73.9,467,2720,1,general,0,
9,popular_1_exp_0_seed_None,2210.5200000000004,27,432.28,2800,15228,1,general,0,
8,popular_1_exp_0_seed_None,2144.7300000000005,27,410.37,2581,15227,1,general,0,
6,popular_1_exp_0_seed_None,3894.96,27,757.6400000000001,4873,27034,1,general,0,
4,popular_1_exp_0_seed_None,410.64000000000004,27,79.76,512,2856,1,general,0,
1,popular_1_exp_0_seed_None,443.88,27,86.72,561,3062,1,niche,0,
3,popular_1_exp_0_seed_None,411.36,27,77.84,482,2964,1,general,0,
10,popular_1_exp_0_seed_None,409.53000000000003,27,79.57,511,2847,1,general,0,
7,popular_1_exp_0_seed_None,410.94000000000005,27,79.66,510,2866,1,general,0,
2,popular_1_exp_0_seed_None,2177.01,27,422.29,2706,15169,1,general,0,
5,popular_1_exp_0_seed_None,412.53000000000003,27,82.57,551,2747,1,general,0,
9,popular_1_exp_0_seed_None,2232.3300000000004,28,437.77000000000004,2846,15317,1,general,0,
8,popular_1_exp_0_seed_None,2177.13,28,417.97,2641,15387,1,general,0,
6,popular_1_exp_0_seed_None,3928.080000000001,28,761.12,4870,27412,1,general,0,
4,popular_1_exp_0_seed_None,401.73,28,77.37,491,2827,1,general,0,
1,popular_1_exp_0_seed_None,405.41999999999996,28,79.58000000000001,518,2778,1,niche,0,
3,popular_1_exp_0_seed_None,411.03,28,78.27000000000001,489,2937,1,general,0,
10,popular_1_exp_0_seed_None,409.2900000000001,28,79.01,503,2871,1,general,0,
7,popular_1_exp_0_seed_None,384.84000000000003,28,74.56,477,2686,1,general,0,
2,popular_1_exp_0_seed_None,2192.3700000000003,28,426.73,2747,15203,1,general,0,
5,popular_1_exp_0_seed_None,378.78,28,74.62,488,2582,1,general,0,
9,popular_1_exp_0_seed_None,2212.65,29,432.25,2796,15265,1,general,0,
8,popular_1_exp_0_seed_None,2172.0,29,416.0,2620,15400,1,general,0,
6,popular_1_exp_0_seed_None,3952.080000000001,29,769.12,4950,27412,1,general,0,
4,popular_1_exp_0_seed_None,408.99,29,79.51,511,2841,1,general,0,
1,popular_1_exp_0_seed_None,413.01,29,80.09,513,2879,1,niche,0,
3,popular_1_exp_0_seed_None,409.05,29,77.45,480,2945,1,general,0,
10,popular_1_exp_0_seed_None,388.67999999999995,29,74.72,473,2742,1,general,0,
7,popular_1_exp_0_seed_None,388.44000000000005,29,76.16,495,2666,1,general,0,
2,popular_1_exp_0_seed_None,2194.59,29,426.11,2734,15271,1,general,0,
5,popular_1_exp_0_seed_None,378.51,29,74.59,488,2579,1,general,0,
9,popular_1_exp_0_seed_None,2211.57,30,433.93,2823,15163,1,general,0,
8,popular_1_exp_0_seed_None,2143.2,30,410.8,2590,15180,1,general,0,
6,popular_1_exp_0_seed_None,3885.9300000000007,30,755.77,4860,26977,1,general,0,
4,popular_1_exp_0_seed_None,409.92,30,79.48,509,2858,1,general,0,
1,popular_1_exp_0_seed_None,427.98,30,83.22,535,2972,1,niche,0,
3,popular_1_exp_0_seed_None,427.5,30,81.9,516,3030,1,general,0,
10,popular_1_exp_0_seed_None,425.1,30,81.9,520,2990,1,general,0,
7,popular_1_exp_0_seed_None,405.66,30,77.54,487,2884,1,general,0,
2,popular_1_exp_0_seed_None,2174.34,30,422.46000000000004,2713,15116,1,general,0,
5,popular_1_exp_0_seed_None,411.90000000000003,30,80.7,524,2830,1,general,0,
9,popular_1_exp_0_seed_None,2218.8600000000006,31,435.74,2838,15194,1,general,0,
8,popular_1_exp_0_seed_None,2130.21,31,404.29,2514,15289,1,general,0,
6,popular_1_exp_0_seed_None,3951.42,31,769.58,4958,27378,1,general,0,
4,popular_1_exp_0_seed_None,412.8,31,79.80000000000001,509,2890,1,general,0,
1,popular_1_exp_0_seed_None,420.78000000000003,31,82.82,541,2872,1,niche,0,
3,popular_1_exp_0_seed_None,407.94,31,77.06,476,2946,1,general,0,
10,popular_1_exp_0_seed_None,406.38,31,79.22,511,2812,1,general,0,
7,popular_1_exp_0_seed_None,393.75000000000006,31,76.95,498,2715,1,general,0,
2,popular_1_exp_0_seed_None,2189.2799999999997,31,425.92,2740,15192,1,general,0,
5,popular_1_exp_0_seed_None,382.68,31,73.32000000000001,462,2712,1,general,0,
9,popular_1_exp_0_seed_None,2238.57,32,439.13,2856,15353,1,general,0,
8,popular_1_exp_0_seed_None,2153.2200000000003,32,410.58000000000004,2570,15358,1,general,0,
6,popular_1_exp_0_seed_None,3932.28,32,764.32,4911,27322,1,general,0,
4,popular_1_exp_0_seed_None,400.83,32,78.07000000000001,503,2777,1,general,0,
1,popular_1_exp_0_seed_None,414.17999999999995,32,81.22,528,2842,1,niche,0,
3,popular_1_exp_0_seed_None,413.73,32,77.77000000000001,477,3007,1,general,0,
10,popular_1_exp_0_seed_None,396.42,32,77.38,500,2738,1,general,0,
7,popular_1_exp_0_seed_None,406.71000000000004,32,79.39,513,2809,1,general,0,
2,popular_1_exp_0_seed_None,2187.7799999999997,32,426.22,2747,15152,1,general,0,
5,popular_1_exp_0_seed_None,379.98,32,73.82000000000001,474,2642,1,general,0,
9,popular_1_exp_0_seed_None,2249.19,33,444.31000000000006,2916,15271,1,general,0,
8,popular_1_exp_0_seed_None,2134.86,33,406.94000000000005,2546,15234,1,general,0,
6,popular_1_exp_0_seed_None,3942.75,33,767.5500000000001,4942,27335,1,general,0,
4,popular_1_exp_0_seed_None,425.54999999999995,33,83.35,541,2925,1,general,0,
1,popular_1_exp_0_seed_None,423.66,33,82.54,532,2934,1,niche,0,
3,popular_1_exp_0_seed_None,422.13,33,81.57,520,2957,1,general,0,
10,popular_1_exp_0_seed_None,396.81000000000006,33,75.49000000000001,471,2839,1,general,0,
7,popular_1_exp_0_seed_None,380.82,33,74.18,478,2638,1,general,0,
2,popular_1_exp_0_seed_None,2155.44,33,414.56000000000006,2626,15196,1,general,0,
5,popular_1_exp_0_seed_None,390.09000000000003,33,76.61000000000001,499,2671,1,general,0,
9,popular_1_exp_0_seed_None,2245.7100000000005,34,442.39,2893,15309,1,general,0,
8,popular_1_exp_0_seed_None,2178.18,34,417.02,2625,15452,1,general,0,
6,popular_1_exp_0_seed_None,3904.6800000000003,34,756.72,4843,27242,1,general,0,
4,popular_1_exp_0_seed_None,392.19000000000005,34,76.11000000000001,488,2731,1,general,0,
1,popular_1_exp_0_seed_None,410.1,34,79.5,509,2860,1,niche,0,
3,popular_1_exp_0_seed_None,415.1700000000001,34,78.53,486,2993,1,general,0,
10,popular_1_exp_0_seed_None,408.6,34,79.0,504,2860,1,general,0,
7,popular_1_exp_0_seed_None,386.4,34,74.4,472,2720,1,general,0,
2,popular_1_exp_0_seed_None,2174.49,34,421.01,2691,15191,1,general,0,
5,popular_1_exp_0_seed_None,394.98,34,78.82000000000001,524,2642,1,general,0,
9,popular_1_exp_0_seed_None,2259.81,35,446.89,2937,15319,1,general,0,
8,popular_1_exp_0_seed_None,2143.02,35,409.98,2578,15218,1,general,0,
6,popular_1_exp_0_seed_None,3898.35,35,756.35,4848,27155,1,general,0,
4,popular_1_exp_0_seed_None,408.57000000000005,35,80.13,521,2803,1,general,0,
1,popular_1_exp_0_seed_None,439.83000000000004,35,85.87,555,3037,1,niche,0,
3,popular_1_exp_0_seed_None,410.13,35,76.77000000000001,468,2997,1,general,0,
10,popular_1_exp_0_seed_None,422.6700000000001,35,83.03,541,2893,1,general,0,
7,popular_1_exp_0_seed_None,406.26,35,79.34,513,2804,1,general,0,
2,popular_1_exp_0_seed_None,2174.16,35,422.03999999999996,2707,15134,1,general,0,
5,popular_1_exp_0_seed_None,367.50000000000006,35,69.7,433,2640,1,general,0,
9,popular_1_exp_0_seed_None,2237.4900000000002,36,438.81,2853,15351,1,general,0,
8,popular_1_exp_0_seed_None,2165.46,36,415.5400000000001,2624,15314,1,general,0,
6,popular_1_exp_0_seed_None,3929.01,36,761.49,4874,27409,1,general,0,
4,popular_1_exp_0_seed_None,407.64,36,79.36,511,2826,1,general,0,
1,popular_1_exp_0_seed_None,413.4,36,81.6,535,2810,1,niche,0,
3,popular_1_exp_0_seed_None,407.7,36,77.10000000000001,477,2940,1,general,0,
10,popular_1_exp_0_seed_None,393.66,36,74.94,468,2814,1,general,0,
7,popular_1_exp_0_seed_None,392.64,36,75.96000000000001,485,2746,1,general,0,
2,popular_1_exp_0_seed_None,2203.38,36,431.02,2793,15172,1,general,0,
5,popular_1_exp_0_seed_None,370.9200000000001,36,71.28,451,2618,1,general,0,
9,popular_1_exp_0_seed_None,2244.2700000000004,37,442.63,2899,15273,1,general,0,
8,popular_1_exp_0_seed_None,2136.78,37,407.82000000000005,2556,15222,1,general,0,
6,popular_1_exp_0_seed_None,3902.880000000001,37,758.3199999999999,4870,27132,1,general,0,
4,popular_1_exp_0_seed_None,412.77,37,80.53,520,2853,1,general,0,
1,popular_1_exp_0_seed_None,428.82,37,84.18,548,2938,1,niche,0,
3,popular_1_exp_0_seed_None,410.37000000000006,37,76.33,461,3023,1,general,0,
10,popular_1_exp_0_seed_None,412.77000000000004,37,78.13000000000001,484,2973,1,general,0,
7,popular_1_exp_0_seed_None,407.67,37,80.63,530,2763,1,general,0,
2,popular_1_exp_0_seed_None,2188.65,37,426.65,2752,15145,1,general,0,
5,popular_1_exp_0_seed_None,379.32000000000005,37,72.88,461,2678,1,general,0,
9,popular_1_exp_0_seed_None,2206.6800000000003,38,429.92,2771,15282,1,general,0,
8,popular_1_exp_0_seed_None,2141.43,38,409.07,2567,15237,1,general,0,
6,popular_1_exp_0_seed_None,3918.15,38,764.35,4935,27085,1,general,0,
4,popular_1_exp_0_seed_None,409.86000000000007,38,78.94,501,2884,1,general,0,
1,popular_1_exp_0_seed_None,434.36999999999995,38,85.93,565,2943,1,niche,0,
3,popular_1_exp_0_seed_None,427.32,38,81.68,513,3038,1,general,0,
10,popular_1_exp_0_seed_None,411.36,38,78.84,497,2914,1,general,0,
7,popular_1_exp_0_seed_None,416.94,38,80.06,506,2946,1,general,0,
2,popular_1_exp_0_seed_None,2142.78,38,416.62,2678,14882,1,general,0,
5,popular_1_exp_0_seed_None,414.51000000000005,38,82.39,545,2789,1,general,0,
9,popular_1_exp_0_seed_None,2213.46,39,432.5400000000001,2799,15264,1,general,0,
8,popular_1_exp_0_seed_None,2192.1000000000004,39,424.5,2714,15310,1,general,0,
6,popular_1_exp_0_seed_None,3879.7200000000007,39,750.48,4791,27138,1,general,0,
4,popular_1_exp_0_seed_None,411.21000000000004,39,79.69,510,2869,1,general,0,
1,popular_1_exp_0_seed_None,412.89,39,80.61,521,2851,1,niche,0,
3,popular_1_exp_0_seed_None,434.88,39,83.72,531,3062,1,general,0,
10,popular_1_exp_0_seed_None,431.46000000000004,39,84.74000000000001,552,2954,1,general,0,
7,popular_1_exp_0_seed_None,411.99,39,79.71000000000001,509,2881,1,general,0,
2,popular_1_exp_0_seed_None,2137.3500000000004,39,413.75,2644,14935,1,general,0,
5,popular_1_exp_0_seed_None,397.74,39,77.86,505,2736,1,general,0,
9,popular_1_exp_0_seed_None,2218.8599999999997,40,434.34000000000003,2817,15264,1,general,0,
8,popular_1_exp_0_seed_None,2165.73,40,416.17,2633,15287,1,general,0,
6,popular_1_exp_0_seed_None,3985.86,40,778.94,5041,27484,1,general,0,
4,popular_1_exp_0_seed_None,396.69000000000005,40,76.41,485,2791,1,general,0,
1,popular_1_exp_0_seed_None,434.55,40,85.95,565,2945,1,niche,0,
3,popular_1_exp_0_seed_None,414.96000000000004,40,76.84,461,3074,1,general,0,
10,popular_1_exp_0_seed_None,390.69000000000005,40,76.01,489,2711,1,general,0,
7,popular_1_exp_0_seed_None,400.05,40,77.25,492,2805,1,general,0,
2,popular_1_exp_0_seed_None,2135.3100000000004,40,410.99,2606,15039,1,general,0,
5,popular_1_exp_0_seed_None,379.79999999999995,40,74.6,486,2600,1,general,0,
9,popular_1_exp_0_seed_None,2218.83,41,434.47,2819,15257,1,general,0,
8,popular_1_exp_0_seed_None,2160.9900000000002,41,414.31,2613,15301,1,general,0,
6,popular_1_exp_0_seed_None,3909.7200000000007,41,756.48,4831,27338,1,general,0,
4,popular_1_exp_0_seed_None,399.6,41,77.4,495,2790,1,general,0,
1,popular_1_exp_0_seed_None,420.9,41,82.9,542,2870,1,niche,0,
3,popular_1_exp_0_seed_None,417.39000000000004,41,80.51,512,2931,1,general,0,
10,popular_1_exp_0_seed_None,402.96000000000004,41,78.84,511,2774,1,general,0,
7,popular_1_exp_0_seed_None,427.5,41,82.10000000000001,519,3020,1,general,0,
2,popular_1_exp_0_seed_None,2176.5,41,425.70000000000005,2758,14990,1,general,0,
5,popular_1_exp_0_seed_None,386.61,41,74.28999999999999,470,2729,1,general,0,
9,popular_1_exp_0_seed_None,2233.08,42,437.12,2835,15362,1,general,0,
8,popular_1_exp_0_seed_None,2169.93,42,416.77,2635,15327,1,general,0,
6,popular_1_exp_0_seed_None,3904.0499999999997,42,756.6500000000001,4843,27235,1,general,0,
4,popular_1_exp_0_seed_None,405.42,42,77.98,494,2858,1,general,0,
1,popular_1_exp_0_seed_None,430.32,42,85.68,568,2888,1,niche,0,
3,popular_1_exp_0_seed_None,412.11,42,78.59,492,2939,1,general,0,
10,popular_1_exp_0_seed_None,406.29,42,78.61,502,2841,1,general,0,
7,popular_1_exp_0_seed_None,412.38,42,79.02000000000001,498,2922,1,general,0,
2,popular_1_exp_0_seed_None,2169.54,42,423.86,2742,14966,1,general,0,
5,popular_1_exp_0_seed_None,380.88,42,73.72,471,2662,1,general,0,
9,popular_1_exp_0_seed_None,2260.68,43,446.52,2930,15352,1,general,0,
8,popular_1_exp_0_seed_None,2164.8900000000003,43,413.41,2593,15411,1,general,0,
6,popular_1_exp_0_seed_None,3955.44,43,767.36,4918,27556,1,general,0,
4,popular_1_exp_0_seed_None,385.38,43,74.82,480,2682,1,general,0,
1,popular_1_exp_0_seed_None,407.37000000000006,43,81.33,541,2723,1,niche,0,
3,popular_1_exp_0_seed_None,401.46000000000004,43,75.54,464,2914,1,general,0,
10,popular_1_exp_0_seed_None,397.11000000000007,43,76.19,481,2809,1,general,0,
7,popular_1_exp_0_seed_None,396.51000000000005,43,76.19,482,2799,1,general,0,
2,popular_1_exp_0_seed_None,2151.3900000000003,43,415.91,2653,15061,1,general,0,
5,popular_1_exp_0_seed_None,394.47,43,77.63,507,2693,1,general,0,
9,popular_1_exp_0_seed_None,2270.7000000000003,44,450.90000000000003,2979,15300,1,general,0,
8,popular_1_exp_0_seed_None,2133.69,44,403.81000000000006,2501,15371,1,general,0,
6,popular_1_exp_0_seed_None,3931.74,44,762.26,4881,27416,1,general,0,
4,popular_1_exp_0_seed_None,419.1,44,82.7,542,2850,1,general,0,
1,popular_1_exp_0_seed_None,407.76000000000005,44,80.04,521,2794,1,niche,0,
3,popular_1_exp_0_seed_None,394.26000000000005,44,72.54,431,2944,1,general,0,
10,popular_1_exp_0_seed_None,395.85,44,75.45,472,2825,1,general,0,
7,popular_1_exp_0_seed_None,398.61,44,75.89000000000001,474,2849,1,general,0,
2,popular_1_exp_0_seed_None,2169.3600000000006,44,423.24,2733,14994,1,general,0,
5,popular_1_exp_0_seed_None,390.33000000000004,44,76.97,504,2657,1,general,0,
9,popular_1_exp_0_seed_None,2220.99,45,434.51,2816,15291,1,general,0,
8,popular_1_exp_0_seed_None,2172.15,45,417.15,2637,15345,1,general,0,
6,popular_1_exp_0_seed_None,3932.76,45,765.24,4924,27284,1,general,0,
4,popular_1_exp_0_seed_None,403.02000000000004,45,78.18,501,2808,1,general,0,
1,popular_1_exp_0_seed_None,415.59000000000003,45,81.31,527,2861,1,niche,0,
3,popular_1_exp_0_seed_None,426.33,45,81.57000000000001,513,3027,1,general,0,
10,popular_1_exp_0_seed_None,401.01000000000005,45,77.29,491,2819,1,general,0,
7,popular_1_exp_0_seed_None,413.49,45,78.21000000000001,484,2981,1,general,0,
2,popular_1_exp_0_seed_None,2169.2700000000004,45,423.03,2730,15003,1,general,0,
5,popular_1_exp_0_seed_None,369.39000000000004,45,71.51,457,2581,1,general,0,
9,popular_1_exp_0_seed_None,2239.2000000000003,46,439.6,2862,15340,1,general,0,
8,popular_1_exp_0_seed_None,2142.3300000000004,46,408.77000000000004,2561,15267,1,general,0,
6,popular_1_exp_0_seed_None,3938.5200000000004,46,767.08,4942,27288,1,general,0,
4,popular_1_exp_0_seed_None,391.1400000000001,46,75.66,483,2736,1,general,0,
1,popular_1_exp_0_seed_None,416.22,46,81.58,530,2858,1,niche,0,
3,popular_1_exp_0_seed_None,424.8,46,81.80000000000001,519,2990,1,general,0,
10,popular_1_exp_0_seed_None,407.76000000000005,46,77.04,476,2944,1,general,0,
7,popular_1_exp_0_seed_None,402.42,46,76.18,472,2898,1,general,0,
2,popular_1_exp_0_seed_None,2163.1800000000003,46,420.42,2701,15032,1,general,0,
5,popular_1_exp_0_seed_None,390.63,46,77.27000000000001,508,2647,1,general,0,
9,popular_1_exp_0_seed_None,2254.0200000000004,47,445.78,2930,15278,1,general,0,
8,popular_1_exp_0_seed_None,2121.93,47,402.77,2505,15227,1,general,0,
6,popular_1_exp_0_seed_None,3962.4,47,774.4000000000001,5012,27320,1,general,0,
4,popular_1_exp_0_seed_None,396.57000000000005,47,76.33000000000001,484,2793,1,general,0,
1,popular_1_exp_0_seed_None,415.83000000000004,47,81.27000000000001,526,2867,1,niche,0,
3,popular_1_exp_0_seed_None,400.71000000000004,47,75.59,466,2899,1,general,0,
10,popular_1_exp_0_seed_None,410.34000000000003,47,78.86000000000001,499,2896,1,general,0,
7,popular_1_exp_0_seed_None,423.03,47,81.47,517,2977,1,general,0,
2,popular_1_exp_0_seed_None,2152.6800000000003,47,416.92,2666,15032,1,general,0,
5,popular_1_exp_0_seed_None,386.78999999999996,47,74.71000000000001,476,2711,1,general,0,
9,popular_1_exp_0_seed_None,2195.6100000000006,48,426.49,2738,15269,1,general,0,
8,popular_1_exp_0_seed_None,2144.67,48,409.63,2570,15263,1,general,0,
6,popular_1_exp_0_seed_None,3958.17,48,772.13,4985,27363,1,general,0,
4,popular_1_exp_0_seed_None,399.42,48,77.98,504,2758,1,general,0,
1,popular_1_exp_0_seed_None,398.6400000000001,48,77.16,493,2786,1,niche,0,
3,popular_1_exp_0_seed_None,425.49,48,81.61,515,3011,1,general,0,
10,popular_1_exp_0_seed_None,402.18,48,77.62,494,2822,1,general,0,
7,popular_1_exp_0_seed_None,410.28000000000003,48,78.32,491,2922,1,general,0,
2,popular_1_exp_0_seed_None,2195.7599999999998,48,429.44,2782,15124,1,general,0,
5,popular_1_exp_0_seed_None,388.08000000000004,48,75.72,489,2682,1,general,0,
9,popular_1_exp_0_seed_None,2206.8600000000006,49,429.74,2768,15294,1,general,0,
8,popular_1_exp_0_seed_None,2165.3700000000003,49,414.33000000000004,2606,15373,1,general,0,
6,popular_1_exp_0_seed_None,3952.14,49,771.86,4991,27276,1,general,0,
4,popular_1_exp_0_seed_None,387.12000000000006,49,75.08,481,2698,1,general,0,
1,popular_1_exp_0_seed_None,411.93,49,80.57000000000001,522,2837,1,niche,0,
3,popular_1_exp_0_seed_None,408.9,49,77.5,481,2940,1,general,0,
10,popular_1_exp_0_seed_None,409.2,49,78.60000000000001,497,2890,1,general,0,
7,popular_1_exp_0_seed_None,408.09000000000003,49,78.21000000000001,493,2891,1,general,0,
2,popular_1_exp_0_seed_None,2169.84,49,421.36,2704,15096,1,general,0,
5,popular_1_exp_0_seed_None,398.85,49,78.85000000000001,518,2705,1,general,0,
9,popular_1_exp_0_seed_None,2213.85,50,433.85,2818,15205,1,general,0,
8,popular_1_exp_0_seed_None,2134.59,50,406.11,2534,15271,1,general,0,
6,popular_1_exp_0_seed_None,3930.8999999999996,50,766.3,4943,27200,1,general,0,
4,popular_1_exp_0_seed_None,410.76000000000005,50,78.24000000000001,489,2934,1,general,0,
1,popular_1_exp_0_seed_None,425.88,50,83.72,546,2912,1,niche,0,
3,popular_1_exp_0_seed_None,412.34999999999997,50,77.55,476,2995,1,general,0,
10,popular_1_exp_0_seed_None,404.79,50,78.11,497,2841,1,general,0,
7,popular_1_exp_0_seed_None,419.37,50,79.93,500,2993,1,general,0,
2,popular_1_exp_0_seed_None,2179.83,50,427.47,2779,14957,1,general,0,
5,popular_1_exp_0_seed_None,392.58000000000004,50,77.02000000000001,501,2692,1,general,0,
9,popular_1_exp_0_seed_None,2235.42,51,440.58000000000004,2883,15228,1,general,0,
8,popular_1_exp_0_seed_None,2140.5,51,408.90000000000003,2566,15230,1,general,0,
6,popular_1_exp_0_seed_None,3895.26,51,753.74,4814,27234,1,general,0,
4,popular_1_exp_0_seed_None,415.53,51,80.37,513,2907,1,general,0,
1,popular_1_exp_0_seed_None,426.54,51,83.66000000000001,544,2926,1,niche,0,
3,popular_1_exp_0_seed_None,436.41,51,84.29,537,3059,1,general,0,
10,popular_1_exp_0_seed_None,401.61000000000007,51,76.69,481,2859,1,general,0,
7,popular_1_exp_0_seed_None,412.86,51,79.74000000000001,508,2894,1,general,0,
2,popular_1_exp_0_seed_None,2160.66,51,421.53999999999996,2722,14934,1,general,0,
5,popular_1_exp_0_seed_None,399.81000000000006,51,78.69,514,2729,1,general,0,
9,popular_1_exp_0_seed_None,2254.8,52,443.80000000000007,2899,15390,1,general,0,
8,popular_1_exp_0_seed_None,2149.71,52,410.59000000000003,2576,15299,1,general,0,
6,popular_1_exp_0_seed_None,3945.63,52,767.8700000000001,4942,27367,1,general,0,
4,popular_1_exp_0_seed_None,391.26000000000005,52,74.54,466,2794,1,general,0,
1,popular_1_exp_0_seed_None,415.59000000000003,52,80.91,521,2881,1,niche,0,
3,popular_1_exp_0_seed_None,426.09000000000003,52,82.61000000000001,529,2971,1,general,0,
10,popular_1_exp_0_seed_None,388.1700000000001,52,73.53,456,2793,1,general,0,
7,popular_1_exp_0_seed_None,401.61000000000007,52,76.69,481,2859,1,general,0,
2,popular_1_exp_0_seed_None,2160.3,52,420.5,2707,14980,1,general,0,
5,popular_1_exp_0_seed_None,384.84000000000003,52,74.96000000000001,483,2666,1,general,0,
9,popular_1_exp_0_seed_None,2242.56,53,440.84000000000003,2875,15334,1,general,0,
8,popular_1_exp_0_seed_None,2123.25,53,401.45000000000005,2483,15315,1,general,0,
6,popular_1_exp_0_seed_None,3986.2200000000003,53,779.5799999999999,5050,27458,1,general,0,
4,popular_1_exp_0_seed_None,399.66,53,77.94,503,2764,1,general,0,
1,popular_1_exp_0_seed_None,418.05,53,81.45,525,2895,1,niche,0,
3,popular_1_exp_0_seed_None,409.2,53,77.8,485,2930,1,general,0,
10,popular_1_exp_0_seed_None,384.09000000000003,53,73.21000000000001,458,2741,1,general,0,
7,popular_1_exp_0_seed_None,401.25,53,76.25,475,2875,1,general,0,
2,popular_1_exp_0_seed_None,2176.0499999999997,53,423.65,2728,15085,1,general,0,
5,popular_1_exp_0_seed_None,381.27,53,75.03,490,2603,1,general,0,
9,popular_1_exp_0_seed_None,2265.5400000000004,54,447.06,2930,15406,1,general,0,
8,popular_1_exp_0_seed_None,2122.08,54,403.72,2519,15182,1,general,0,
6,popular_1_exp_0_seed_None,3903.45,54,758.05,4865,27155,1,general,0,
4,popular_1_exp_0_seed_None,406.97999999999996,54,79.42,513,2812,1,general,0,
1,popular_1_exp_0_seed_None,411.54,54,79.66000000000001,509,2876,1,niche,0,
3,popular_1_exp_0_seed_None,416.6400000000001,54,79.16,493,2986,1,general,0,
10,popular_1_exp_0_seed_None,423.48,54,83.12,541,2902,1,general,0,
7,popular_1_exp_0_seed_None,408.03,54,77.87,488,2907,1,general,0,
2,popular_1_exp_0_seed_None,2175.21,54,424.2900000000001,2739,15039,1,general,0,
5,popular_1_exp_0_seed_None,391.65,54,75.85,485,2735,1,general,0,
9,popular_1_exp_0_seed_None,2212.56,55,431.64,2787,15294,1,general,0,
8,popular_1_exp_0_seed_None,2162.1600000000003,55,415.44000000000005,2628,15264,1,general,0,
6,popular_1_exp_0_seed_None,3907.9800000000005,55,757.22,4845,27272,1,general,0,
4,popular_1_exp_0_seed_None,401.49,55,78.61,510,2761,1,general,0,
1,popular_1_exp_0_seed_None,417.09000000000003,55,82.61000000000001,544,2821,1,niche,0,
3,popular_1_exp_0_seed_None,433.28999999999996,55,83.21000000000001,526,3061,1,general,0,
10,popular_1_exp_0_seed_None,408.21000000000004,55,78.69,500,2869,1,general,0,
7,popular_1_exp_0_seed_None,422.19000000000005,55,81.11000000000001,513,2981,1,general,0,
2,popular_1_exp_0_seed_None,2169.84,55,423.16,2731,15006,1,general,0,
5,popular_1_exp_0_seed_None,377.7900000000001,55,72.51,458,2671,1,general,0,
9,popular_1_exp_0_seed_None,2225.5499999999997,56,437.15,2848,15235,1,general,0,
8,popular_1_exp_0_seed_None,2142.3,56,410.1,2581,15200,1,general,0,
6,popular_1_exp_0_seed_None,3917.9700000000003,56,760.1300000000001,4872,27293,1,general,0,
4,popular_1_exp_0_seed_None,400.44,56,77.56,496,2796,1,general,0,
1,popular_1_exp_0_seed_None,434.31,56,85.79,563,2949,1,niche,0,
3,popular_1_exp_0_seed_None,433.0200000000001,56,82.38000000000001,514,3098,1,general,0,
10,popular_1_exp_0_seed_None,397.11,56,75.78999999999999,475,2829,1,general,0,
7,popular_1_exp_0_seed_None,414.87,56,79.63000000000001,503,2933,1,general,0,
2,popular_1_exp_0_seed_None,2163.1200000000003,56,421.28000000000003,2714,14988,1,general,0,
5,popular_1_exp_0_seed_None,392.9100000000001,56,77.39,506,2679,1,general,0,
9,popular_1_exp_0_seed_None,2236.2599999999998,57,437.94,2842,15374,1,general,0,
8,popular_1_exp_0_seed_None,2151.5400000000004,57,411.66,2589,15276,1,general,0,
6,popular_1_exp_0_seed_None,3932.94,57,767.86,4963,27156,1,general,0,
4,popular_1_exp_0_seed_None,393.51,57,75.59,478,2779,1,general,0,
1,popular_1_exp_0_seed_None,433.14000000000004,57,85.06,554,2966,1,niche,0,
3,popular_1_exp_0_seed_None,410.49,57,77.61,480,2961,1,general,0,
10,popular_1_exp_0_seed_None,416.46000000000004,57,79.34,496,2974,1,general,0,
7,popular_1_exp_0_seed_None,401.9100000000001,57,76.39,476,2879,1,general,0,
2,popular_1_exp_0_seed_None,2146.7700000000004,57,417.53,2685,14903,1,general,0,
5,popular_1_exp_0_seed_None,396.48,57,77.52000000000001,502,2732,1,general,0,
9,popular_1_exp_0_seed_None,2246.7,58,442.70000000000005,2896,15310,1,general,0,
8,popular_1_exp_0_seed_None,2155.4700000000003,58,412.23,2591,15313,1,general,0,
6,popular_1_exp_0_seed_None,3933.8100000000004,58,765.8900000000001,4932,27269,1,general,0,
4,popular_1_exp_0_seed_None,392.16,58,75.04,472,2784,1,general,0,
1,popular_1_exp_0_seed_None,418.59000000000003,58,82.11000000000001,534,2871,1,niche,0,
3,popular_1_exp_0_seed_None,418.17,58,79.93,502,2973,1,general,0,
10,popular_1_exp_0_seed_None,395.1,58,75.10000000000001,468,2830,1,general,0,
7,popular_1_exp_0_seed_None,398.73,58,75.37,466,2877,1,general,0,
2,popular_1_exp_0_seed_None,2165.73,58,420.17,2693,15087,1,general,0,
5,popular_1_exp_0_seed_None,396.53999999999996,58,78.46000000000001,516,2686,1,general,0,
9,popular_1_exp_0_seed_None,2217.21,59,434.09000000000003,2816,15249,1,general,0,
8,popular_1_exp_0_seed_None,2137.26,59,407.54,2551,15244,1,general,0,
6,popular_1_exp_0_seed_None,3928.080000000001,59,767.12,4960,27112,1,general,0,
4,popular_1_exp_0_seed_None,415.71000000000004,59,80.99000000000001,522,2879,1,general,0,
1,popular_1_exp_0_seed_None,407.76000000000005,59,79.44,512,2824,1,niche,0,
3,popular_1_exp_0_seed_None,417.45,59,78.45,481,3035,1,general,0,
10,popular_1_exp_0_seed_None,412.11,59,79.59,507,2889,1,general,0,
7,popular_1_exp_0_seed_None,424.62,59,82.18,525,2968,1,general,0,
2,popular_1_exp_0_seed_None,2150.13,59,416.77,2668,14997,1,general,0,
5,popular_1_exp_0_seed_None,410.97,59,80.93,529,2803,1,general,0,
9,popular_1_exp_0_seed_None,2235.15,60,437.15,2832,15395,1,general,0,
8,popular_1_exp_0_seed_None,2152.5299999999997,60,410.17,2565,15367,1,general,0,
6,popular_1_exp_0_seed_None,3981.330000000001,60,777.5699999999999,5028,27477,1,general,0,
4,popular_1_exp_0_seed_None,405.45000000000005,60,79.25,513,2795,1,general,0,
1,popular_1_exp_0_seed_None,417.21000000000004,60,82.09,536,2849,1,niche,0,
3,popular_1_exp_0_seed_None,379.62,60,69.78,414,2838,1,general,0,
10,popular_1_exp_0_seed_None,395.76000000000005,60,76.64,490,2764,1,general,0,
7,popular_1_exp_0_seed_None,399.00000000000006,60,76.2,478,2840,1,general,0,
2,popular_1_exp_0_seed_None,2165.8799999999997,60,421.32,2710,15032,1,general,0,
5,popular_1_exp_0_seed_None,384.27,60,75.23,488,2643,1,general,0,
